Job_Titles,Company_Names,Experience_Required,Package_Details,Locations,Skills,Post_Url,Post_Time
Data Analyst - US MNC (analytics),Aspyra Hr Services,7-9 Yrs,Not disclosed,Chennai,SQL queriesData analysisData modelingProgrammingData qualityData analyticsFinancial risk managementBusiness intelligence,https://www.naukri.com/job-listings-data-analyst-us-mnc-analytics-aspyra-hr-services-gurgaon-gurugram-haryana-3-to-7-years-211023005306,4 Days Ago
Data Analyst SAS+VBA- US MNC (analytics),Aspyra Hr Services,2-5 Yrs,Not disclosed,Mumbai,ProcurementData analysisSAPAnalyticalpower biForensicData analyticsQlikView,https://www.naukri.com/job-listings-data-analyst-sas-vba-us-mnc-analytics-aspyra-hr-services-gurgaon-gurugram-haryana-3-to-7-years-161023006151,30+ Days Ago
Data Analyst / data Analytics - US MNC (analytics),Aspyra Hr Services,6-8 Yrs,Not disclosed,"Gurgaon/Gurugram, Bangalore/ Bengaluru, Karnataka",Visual AnalyticsData Management And AnalysisSQLVisualization TechnologiesData AnalyticsBusiness IntelligencePower BiData Studio,https://www.naukri.com/job-listings-data-analyst-data-analytics-us-mnc-analytics-aspyra-hr-services-gurgaon-gurugram-haryana-3-to-7-years-041023009633,29 Days Ago
Data Analyst Risk/Fraud strategy - US MNC (analytics),Aspyra Hr Services,0-3 Yrs,Not disclosed,Hyderabad/Secunderabad,advanced analyticsTalent acquisitionAnalyticalArtificial IntelligenceMachine learningData AnalystData analyticsInternship,https://www.naukri.com/job-listings-data-analyst-risk-fraud-strategy-us-mnc-analytics-aspyra-hr-services-pune-maharashtra-gurgaon-gurugram-haryana-bangalore-bengaluru-karnataka-3-to-8-years-051023007368,30+ Days Ago
Data Analyst Advanced Analytics,Perceptive Analytics,2-4 Yrs,Not disclosed,New Delhi,Data analysispower biData processingData qualityData analyticsdata visualizationInformation technologyData warehousing,https://www.naukri.com/job-listings-data-analyst-advanced-analytics-perceptive-analytics-hyderabad-secunderabad-0-to-3-years-100622500775,30+ Days Ago
Lead Data Analyst - US MNC (analytics),Aspyra Hr Services,5-10 Yrs,Not disclosed,"Hyderabad/ Secunderabad, Telangana",Data ScienceData AnalyticsMachine LearningAnalyticsBlastDataMachineData analysis,https://www.naukri.com/job-listings-lead-data-analyst-us-mnc-analytics-aspyra-hr-services-gurgaon-gurugram-haryana-5-to-10-years-051023008961,22 Days Ago
Data Analyst - Blasting Analytics Centre of Excellence,Orica India,2-4 Yrs,Not disclosed,Bangalore/Bengaluru,Automationoperational supportProject managementWellnessVBMacrosCounsellingTechnical documentation,https://www.naukri.com/job-listings-data-analyst-blasting-analytics-centre-of-excellence-orica-india-hyderabad-secunderabad-telangana-5-to-10-years-061023006690,30+ Days Ago
Analytics Engineer || Data Analyst || 2 To 7 Yrs,Vanderlande Industries,10-12 Yrs,Not disclosed,Hyderabad/Secunderabad,Data modelingagile project managementAnalyticalMachine learningCloudAgilepower biData analytics,https://www.naukri.com/job-listings-analytics-engineer-data-analyst-2-to-7-yrs-vanderlande-industries-pune-maharashtra-3-to-7-years-020923007211,30+ Days Ago
ANT - Data Analyst - Analytics,PNB MetLife,10-12 Yrs,Not disclosed,Bangalore/Bengaluru,Team managementData managementData modelingData qualityManager Quality ControlStakeholder managementAnalyticsMonitoring,https://www.naukri.com/job-listings-ant-data-analyst-analytics-pnb-metlife-india-insurance-co-ltd-gurgaon-gurugram-3-to-7-years-300923500819,30+ Days Ago
Data Scientist/Data Analyst - Sr. Executive,Vbeyond Corporation,8-13 Yrs,Not disclosed,"Mumbai, Hyderabad/Secunderabad, Pune, Gurgaon/Gurugram, Chennai, Bangalore/Bengaluru",Data Modelingdata architectDatabase DesignCicd PipelineAzure Data LakeAzure DatabricksSQL DatabaseData Lake,https://www.naukri.com/job-listings-data-scientist-data-analyst-sr-executive-vbeyond-corporation-bangalore-bengaluru-karnataka-2-to-7-years-281023005305,29 Days Ago
Product Analyst / Data Analyst,Aryng,2-4 Yrs,Not disclosed,Pune,Data managementMS AccessProject managementAnalyticalConsultingVBOracleFinancial services,https://www.naukri.com/job-listings-product-analyst-data-analyst-aryng-gurgaon-gurugram-3-to-5-years-191023905597,30+ Days Ago
MIS Analyst (Data Analyst) | MIS Data Management,Ascendion Engineering,0-5 Yrs,Not disclosed,"Gurgaon/Gurugram, Bangalore/Bengaluru",Academic ResearchPython Data AnalyticsArtificial IntelligenceR ScriptPythonJavaSystem AnalysisDatabase Design,https://www.naukri.com/job-listings-mis-analyst-data-analyst-mis-data-management-ascendion-engineering-vadodara-baroda-gujarat-0-to-4-years-231023005075,30+ Days Ago
Data Analyst For Bangalore Location,Teamlease Services Limited,5-10 Yrs,Not disclosed,Gurgaon/Gurugram,Data AnalysisBusiness UnderstandingBusiness AnalysisData Analyticsdata analytics toolsAnalytics ToolDataData Munging,https://www.naukri.com/job-listings-data-analyst-for-bangalore-location-teamlease-services-limited-bangalore-bengaluru-karnataka-2-to-7-years-260623002177,15 Days Ago
Data Analyst,Impetus Technologies,0-2 Yrs,8-10 Lacs PA,"Thane, Maharashtra",Data analysistableauData analyticsdata visualizationManagementAnalysisAnalyticsData,https://www.naukri.com/job-listings-data-analyst-impetus-technologies-pune-maharashtra-gurgaon-gurugram-haryana-bangalore-bengaluru-karnataka-4-to-9-years-290923008776,1 Day Ago
Data Analyst,Lifecell,15-20 Yrs,Not disclosed,Gurgaon/Gurugram,Data VisualizationTableauData ModelingDashboard DevelopmentDevelopmentModelingData analysisDashboards,https://www.naukri.com/job-listings-data-analyst-lifecell-chennai-0-to-4-years-271023009594,15 Days Ago
Business Data Analyst,Advy Chemical,0-2 Yrs,Not disclosed,"Gurgaon/ Gurugram, Haryana",Data MiningMarket ResearchData ResearchData ExtractionData CleansingData CollectionBusiness Development ManagementData Science,https://www.naukri.com/job-listings-business-data-analyst-advy-chemical-thane-maharashtra-5-to-10-years-271023011363,1 Day Ago
Lead Data Analyst,CBRE,1-6 Yrs,Not disclosed,Gurgaon/Gurugram,Report generationData analysisInterpersonal skillsData analyticsdata visualizationMacrosData warehousingManagement reporting,https://www.naukri.com/job-listings-lead-data-analyst-cbre-gurgaon-gurugram-haryana-15-to-20-years-271023004033,30+ Days Ago
Data Analyst (Automotive Aftermarket),Fenyes Engineered Technology Pvt Ltd,2-7 Yrs,Not disclosed,Gurgaon/Gurugram,Power BiData VisualizationData ScienceBusiness IntelligenceMicrosoft Power BiPower PivotDaxData Modeling,https://www.naukri.com/job-listings-data-analyst-automotive-aftermarket-fenyes-engineered-technology-pvt-ltd-bangalore-bengaluru-4-to-9-years-280923009763,30+ Days Ago
Data Analyst / Sr. Data Analyst,Airtel,1-5 Yrs,Not disclosed,"Hybrid - Gurgaon/ Gurugram, Haryana",GISData analysisEnvironmental scienceDiversity and InclusionData collectionISSData analyticsResearch,https://www.naukri.com/job-listings-data-analyst-sr-data-analyst-airtel-gurgaon-gurugram-haryana-1-to-6-years-210723008586,24 Days Ago
Data Analyst,Fedelty Healthcare Pvt Ltd,0-4 Yrs,Not disclosed,Mumbai,Data ManagementData AnalysisData AnalyticsData ReportingManagementAnalysisAnalyticsReporting,https://www.naukri.com/job-listings-data-analyst-fedelty-healthcare-pvt-ltd-mumbai-maharashtra-0-to-2-years-261023009855,4 Days Ago
Data Analyst,Garima marketing India Pvt. Ltd.,10-12 Yrs,Not disclosed,Ahmedabad,OutboundPublic relationsProduct engineeringAnalyticalBillingPHPInformation retrievalCustomer support,https://www.naukri.com/job-listings-data-analyst-garima-marketing-india-pvt-ltd-lucknow-uttar-pradesh-0-to-4-years-201023009018,30+ Days Ago
Data Analyst,TN Business Services,4-8 Yrs,Not disclosed,amod,Data ScienceStatistical ModelingData MiningData VisualizationWeb AnalyticsTableauMachine LearningAdobe Analytics,https://www.naukri.com/job-listings-data-analyst-tn-business-services-gurgaon-gurugram-haryana-1-to-3-years-131023009158,30+ Days Ago
Data Analyst,ONE Impression,12-18 Yrs,Not disclosed,New Delhi,Data ScienceData Management and ArchitectureReporting and Business IntelligenceData Management And AnalysisData Strategy and GovernanceDataAnalyticsManagement,https://www.naukri.com/job-listings-data-analyst-one-impression-gurgaon-gurugram-1-to-2-years-261023501548,30+ Days Ago
Research Associate/Data Analyst Research & Analytics,Pratham,3-7 Yrs,18-30 Lacs PA,"Hybrid - Bangalore/ Bengaluru, Karnataka",Data AnalysisAdvanced ExcelData ReportingPythonData AnalyticsReportingDataAnalytics,https://www.naukri.com/job-listings-research-associate-data-analyst-research-analytics-pratham-education-mumbai-2-to-4-years-200923500198,6 Days Ago
Immediate Opening For Lead / Senior Data Analyst,Kloud9,4-10 Yrs,Not disclosed,Remote,remediationFinancial reportingRisk assessmentProcess improvementConsultingCosoData analyticsAuditing,https://www.naukri.com/job-listings-immediate-opening-for-lead-senior-data-analyst-kloud9-bangalore-bengaluru-karnataka-5-to-9-years-211023006316,8 Days Ago
Data Analyst,SRG Housing Finance Ltd,2-3 Yrs,Not disclosed,"Chandigarh, Gurgaon/Gurugram, Jaipur, Bangalore/Bengaluru",Market analysisAnalyticalConsultingMarket intelligenceData analyticsAccount managementClient managementMonitoring,https://www.naukri.com/job-listings-data-analyst-srg-housing-finance-ltd-udaipur-rajasthan-3-to-7-years-271023909420,30+ Days Ago
Data Analyst,Raising Superstars,5-10 Yrs,Not disclosed,Gurgaon/Gurugram,Data ScienceData MartArtificial IntelligenceData CurationData MiningData VisualizationData AnalyticsMachine Learning,https://www.naukri.com/job-listings-data-analyst-raising-superstars-mumbai-santacruz-4-to-5-years-271023906203,1 Day Ago
Data Analyst,JSG Innotech,4-5 Yrs,Not disclosed,Remote,IT servicesData analysisCodingConsultingMachine learningData analyticsDigital marketingSQL,https://www.naukri.com/job-listings-data-analyst-jsg-innotech-sonipat-sonepat-haryana-2-to-5-years-261023007722,23 Days Ago
Business Data Analyst,Smollan India Pvt Ltd,3-8 Yrs,Not disclosed,Bangalore/Bengaluru,Computer scienceData analysisSASdata scienceMISAnalyticalData analyticsInformation technology,https://www.naukri.com/job-listings-business-data-analyst-smollan-india-pvt-ltd-gurgaon-gurugram-haryana-3-to-8-years-091023002359,1 Day Ago
Senior Data Analyst (Data Science),Trigyn Technologies,5-9 Yrs,Not disclosed,Bangalore/Bengaluru,Operations ManagerData managementData modelingdata securityProject managementDisaster recoveryData qualityAnalytics,https://www.naukri.com/job-listings-senior-data-analyst-data-science-trigyn-technologies-spain-5-to-10-years-041023008692,19 Days Ago
Lead Product Data Analyst,IBM,8-10 Yrs,Not disclosed,Coimbatore,Product managementSupply chainService managementERPData analysisBackendFront endData management,https://www.naukri.com/job-listings-lead-product-data-analyst-ibm-india-pvt-limited-bangalore-bengaluru-4-to-7-years-161023906885,2 Days Ago
Data Analyst,Essenware,1-6 Yrs,Not disclosed,Hyderabad/Secunderabad,TrainingSANData analysisFrenchCookData analyticsBusiness intelligenceSQL,https://www.naukri.com/job-listings-data-analyst-essenware-private-limted-bangalore-bengaluru-1-to-3-years-201023500085,30+ Days Ago
Senior Data Analyst,Holiday Inn Club Vacations,7-12 Yrs,Not disclosed,Hyderabad/Secunderabad,Data AnalysisAnalysisData AnalyticsDataAnalyticsSR,https://www.naukri.com/job-listings-senior-data-analyst-holiday-inn-club-vacations-bangalore-bengaluru-5-to-10-years-191023007020,7 Days Ago
Urgent job vacancy For BI - Data Analyst(Finance) For Pune based MNC.,Peoplefy Infosolutions,2-7 Yrs,7-12 Lacs PA,"Ahmedabad, Gujarat",Data AnalyticsPower BiData ManagementData VisualizationData MiningDataAnalyticsManagement,https://www.naukri.com/job-listings-urgent-vacancy-for-bi-data-analyst-finance-for-pune-based-mnc-peoplefy-infosolutions-pune-maharashtra-3-to-7-years-251023003957,2 Days Ago
Data Analyst,Ojas Softech Pvt ltd.,2-5 Yrs,Not disclosed,"Faridabad, Haryana(Ballabhgarh)",Automationdata scienceLife sciencesData analyticsmicrosoftOracleOperationsBioinformatics,https://www.naukri.com/job-listings-data-analyst-ojas-softech-pvt-ltd-noida-uttar-pradesh-ghaziabad-uttar-pradesh-delhi-ncr-2-to-6-years-231023000968,15 Days Ago
Data Analyst,Dripshop,0-2 Yrs,Not disclosed,Bangalore/Bengaluru,Supply chainEconomicsPharmaProject managementHealthcareData Analystdata visualizationAnalytics,https://www.naukri.com/job-listings-data-analyst-dripshop-kolkata-mumbai-new-delhi-hyderabad-secunderabad-pune-chennai-bangalore-bengaluru-3-to-5-years-161023500047,30+ Days Ago
Data Analyst,BatchService,0-1 Yrs,Not disclosed,"Kolkata, Mumbai, New Delhi, Hyderabad/Secunderabad, Pune, Chennai, Bangalore/Bengaluru",Data ManagementExcel SheetAnalytical SkillsData AnalysisAnalysisManagementDataAnalytics,https://www.naukri.com/job-listings-data-analyst-batchservice-bangalore-bengaluru-karnataka-4-to-9-years-131023007804,4 Days Ago
Sr Data Analyst,BNB GROUPE,7-12 Yrs,Not disclosed,New Delhi,data analysisdata warehousingSQL QueriesSQL CodingData AnalyticsOracle SQLOracle DatabaseData Mining,https://www.naukri.com/job-listings-sr-data-analyst-bnb-groupe-ahmedabad-gujarat-7-to-12-years-251023005402,30+ Days Ago
Data Analyst || Faridabad ||,Polymed,2-7 Yrs,Not disclosed,"Hyderabad/ Secunderabad, Telangana(Kondapur)",BPOComputer scienceBusiness servicesBusiness objectsAnalyticalSocial mediaCustomer supportOutsourcing,https://www.naukri.com/job-listings-data-analyst-faridabad-polymed-faridabad-haryana-2-to-7-years-131023004549,4 Days Ago
Data Analyst,Xpheno,7-11 Yrs,Not disclosed,Gurgaon/Gurugram,Computer scienceContent strategyData analysisUsagedata scienceArtificial IntelligenceMachine learningData analytics,https://www.naukri.com/job-listings-data-analyst-xpheno-bangalore-bengaluru-2-to-5-years-100123500225,7 Days Ago
Data Analyst,Blink Health,3-8 Yrs,Not disclosed,"Kolkata, Mumbai, New Delhi, Hyderabad/Secunderabad, Pune, Chennai, Bangalore/Bengaluru",Business AnalystAnalystMISData ManagementData AnalysisData AnalystData AnalyticsAnalysis,https://www.naukri.com/job-listings-data-analyst-blink-health-kolkata-mumbai-new-delhi-hyderabad-secunderabad-pune-chennai-bangalore-bengaluru-0-to-2-years-231023500887,18 Days Ago
Data Analyst,Magicpitch Llc,12-15 Yrs,1-6 Lacs PA,"Noida, Uttar Pradesh",AutomationXMLMySQLSchemaOracleApacheInformation technologyAnalytics,https://www.naukri.com/job-listings-data-analyst-magicpitch-llc-bangalore-bengaluru-0-to-1-years-211023005133,7 Days Ago
Senior Data Analyst,Luminar Technologies,2-4 Yrs,Not disclosed,Bangalore/Bengaluru,Data AnalyticsAgile change delivery methodologyDevOpsAzureCOBITGCPISO 27001NIST,https://www.naukri.com/job-listings-senior-data-analyst-luminar-technologies-new-delhi-0-to-4-years-141122500495,30+ Days Ago
Sr Data Analyst,Data Unveil India,6-9 Yrs,Not disclosed,Pune,Analytical skillsMS SQLPayrollSQL databaseManager TechnologyData analyticsManagementDBMS,https://www.naukri.com/job-listings-sr-data-analyst-data-unveil-india-hyderabad-secunderabad-telangana-7-to-12-years-090823005009,9 Days Ago
Business Analyst/ Data Analyst ( Noida),Pioneer Management Consultants,3-8 Yrs,Not disclosed,"Mumbai Suburban, Mira Bhayander",Root Cause AnalysisPower BiData AnalysisData MiningAdvanced ExcelBusiness IntelligenceData ManipulationData Cleansing,https://www.naukri.com/job-listings-business-analyst-data-analyst-noida-pioneer-management-consultants-noida-uttar-pradesh-3-to-8-years-201023008111,3 Days Ago
Data Analyst,GM Analytics Solutions,0-2 Yrs,7-17 Lacs PA,Delhi / NCR,ExcelSQLData AnalysisDataAnalysisEdge,https://www.naukri.com/job-listings-data-analyst-gm-analytics-solutions-gurgaon-gurugram-2-to-5-years-130223005012,3 Days Ago
Data Analyst,Rendered Ideas Softgame,5-10 Yrs,Not disclosed,Hybrid - Delhi / NCR,Power BiData MartData WarehousingAzureWaterfallMicrosoft Power BiRiskCredit Portfolio Risk Analytics,https://www.naukri.com/job-listings-data-analyst-rendered-ideas-softgame-mumbai-suburban-mira-bhayander-1-to-6-years-251023002988,10 Days Ago
Data Analyst,Aimlay,0-2 Yrs,Not disclosed,Hybrid - Mumbai (All Areas),InquisitiveProblem Solvingvisualizergood communicatorcritical thinkerBoth detail-oriented and a big picture thinkerCritical careCritical Thinking,https://www.naukri.com/job-listings-data-analyst-aimlay-noida-uttar-pradesh-new-delhi-delhi-delhi-ncr-3-to-8-years-211023005767,4 Days Ago
data analyst,Disha Consultants,4-6 Yrs,3-5 Lacs PA,"Thrissur/ Trichur, Kerala",data scientisttensor flowPythonBig Data AnalyticsAtlassianConfluenceData AnalysisAI,https://www.naukri.com/job-listings-data-analyst-disha-consultant-pune-chennai-jaipur-bangalore-bengaluru-2-to-4-years-140621501222,14 Days Ago
Data Analyst,Classic Informatics,5-7 Yrs,10-20 Lacs PA,"Hybrid - Pune, Maharashtra",Data SciencepandasProduction Code developmentGitHubResearchnumpyData AnalyticsPython,https://www.naukri.com/job-listings-data-analyst-classic-informatics-pvt-ltd-gurgaon-gurugram-haryana-1-to-3-years-041023008771,2 Days Ago
Data Analyst Info Edge,Info Edge,7-10 Yrs,Not disclosed,Ghaziabad,Power BiData AnalysisStatistical ModelingMachine Learning AlgorithmsData ScienceData MiningData Driven TestingTableau,https://www.naukri.com/job-listings-data-analyst-info-edge-info-edge-delhi-ncr-0-to-2-years-171023008323,30+ Days Ago
DATA Analyst,Manappuram Finance (MAFIL),1-5 Yrs,Not disclosed,Gurgaon/Gurugram,OutboundSAPBusiness Analystdata privacyData analyticsSCMMiddlewareQuality documentation,https://www.naukri.com/job-listings-data-analyst-manappuram-finance-mafil-thrissur-trichur-kerala-0-to-2-years-131023007926,1 Day Ago
Data Analyst,Paytm,0-5 Yrs,Not disclosed,Bangalore/Bengaluru,data managementmodelinganalyticalconsultinginterpersonal skillsproblem solvingdata mappingexcel,https://www.naukri.com/job-listings-data-analyst-paytm-payments-bank-noida-2-to-4-years-060723501028,20 Days Ago
Data Analyst,Wonderla Holidays,5-6 Yrs,Not disclosed,Bangalore/Bengaluru,global operationsoperational supportData managementContract managementCustomer supportdata integritydata privacyContinuous improvement,https://www.naukri.com/job-listings-data-analyst-wonderla-holidays-bangalore-bengaluru-karnataka-1-to-5-years-231023002311,20 Days Ago
Data Analyst,Hitachi Ltd.,5-8 Yrs,Not disclosed,Pune,Business AnalyticsAnalyticsMicrofinanceData ScientistQuality ControlBusiness IntelligencePower BiAnalytical Skills,https://www.naukri.com/job-listings-data-analyst-hitachi-ltd-remote-2-to-7-years-261023501682,1 Day Ago
Data Analyst | Excel Expert| Day Shift| Gurgaon,Career Kendra,5-8 Yrs,Not disclosed,"Kochi/Cochin, Ernakulam",business opportunityData analysisdata scienceHypothesis TestingTechnology leadershipRepresentativeData analyticsScientist II,https://www.naukri.com/job-listings-data-analyst-excel-expert-day-shift-gurgaon-career-kendra-gurgaon-gurugram-4-to-5-years-101023006974,22 Days Ago
Employee Data Analyst,Salesforce,3-6 Yrs,8-16 Lacs PA,Bangalore/Bengaluru,Data Engineerpythondata analyticstalendETLdata warehousingetl developerjava,https://www.naukri.com/job-listings-employee-data-analyst-salesforce-hyderabad-secunderabad-5-to-6-years-271023501575,1 Day Ago
IWMS Data Analyst,Deutsche Bank,3-6 Yrs,3-8 Lacs PA,Remote,Data Engineerdata analyticstalendETLdata warehousingetl developerjavaselenium,https://www.naukri.com/job-listings-iwms-data-analyst-deutsche-bank-ag-pune-10-to-12-years-261023906936,16 Days Ago
Senior Data Analyst,BP p.l.c.,8-13 Yrs,Not disclosed,"Kolkata, Mumbai",Data ModelingTableauData AnalyticsData ReplicationBig DataData LakeData ArchitectureVisio,https://www.naukri.com/job-listings-senior-data-analyst-bp-p-l-c-pune-3-to-7-years-181023500532,10 Days Ago
Data Analyst,Acme Services,3-4 Yrs,Not disclosed,"Kolkata, Mumbai",Data analysisHealthcareData qualityData AnalystAdvanced ExcelData analyticsmedical recordsSQL,https://www.naukri.com/job-listings-data-analyst-acme-services-mumbai-4-to-5-years-220923501102,10 Days Ago
Data Analyst,Saksoft,1-6 Yrs,Not disclosed,"Greater Noida, Uttar Pradesh(Pari Chowk)",Data VisulaisationBusiness IntellegenceSQL QueriesSQL CodingData AnalyticsData ReportingQueryData,https://www.naukri.com/job-listings-data-analyst-saksoft-mumbai-3-to-5-years-191023500873,10 Days Ago
Lead Data Analyst (8+ years exp with 5 yrs of Tableau),HOPES FOREVER CONSULTANCY PRIVATE LIMITED,2-3 Yrs,Not disclosed,"Nagpur, Maharashtra",Accessoriesdata scienceProgrammingData AnalystData analyticsWindowsIOSAnalytics,https://www.naukri.com/job-listings-lead-data-analyst-8-years-exp-with-5-yrs-of-tableau-hopes-forever-consultancy-private-limited-kolkata-mumbai-8-to-13-years-181023607212,11 Days Ago
Data Analyst,Optimism Foundation,3-8 Yrs,6-13 Lacs PA,Hyderabad/Secunderabad,Data AnalysisData CollectionData AnalyticsData ReportingData ManagementReporting And AnalyticsMarket ResearchManagement,https://www.naukri.com/job-listings-data-analyst-optimism-foundation-remote-1-to-2-years-181023501540,30+ Days Ago
Lead Data Analyst (8+ years exp with 5 yrs of Tableau),HOPES FOREVER CONSULTANCY PRIVATE LIMITED,8-10 Yrs,Not disclosed,New Delhi,Statistical programmingData analysisAutomationAnalyticalMachine learningAgileOpen sourceSQL,https://www.naukri.com/job-listings-lead-data-analyst-8-years-exp-with-5-yrs-of-tableau-hopes-forever-consultancy-private-limited-kolkata-mumbai-8-to-13-years-181023007210,30+ Days Ago
Financial Data Analyst,Mtandt Group,1-2 Yrs,Not disclosed,Mumbai (All Areas),MS SQLData analysisData managementPharmaAnalyticalProgrammingData AnalystPython,https://www.naukri.com/job-listings-financial-data-analyst-mtandt-group-greater-noida-uttar-pradesh-3-to-6-years-181023006872,12 Days Ago
Data Analyst,Aadrika Enterprises,0-2 Yrs,Not disclosed,Hyderabad/Secunderabad,Advanced ExcelPivot TableExcelAnalytical SkillsConditional FormattingFormulasData ExtractionData Cleansing,https://www.naukri.com/job-listings-data-analyst-aadrika-enterprises-ranchi-3-to-4-years-161023500657,4 Days Ago
Data Analyst,Micropro Software Solutions,0-1 Yrs,Not disclosed,Bangalore/Bengaluru,Data ValidationMYSQLData CleaningData AnalyStatisticsData AnalysisMatpotlibSampling,https://www.naukri.com/job-listings-data-analyst-micropro-software-solutions-nagpur-maharashtra-1-to-6-years-161023003439,1 Day Ago
Data Analyst,Skidos,5-7 Yrs,Not disclosed,Remote,Data ScienceArtificial IntelligenceCloudPackagingData analyticsalgorithmspythonproduct development,https://www.naukri.com/job-listings-data-analyst-skidos-new-delhi-2-to-3-years-161122501272,1 Day Ago
Data Analyst,ETC Management Services,5-7 Yrs,Not disclosed,Bangalore/Bengaluru,Data ScienceArtificial IntelligenceOpen sourceData AnalyticsPythondata algorithmsdata modelingTableau,https://www.naukri.com/job-listings-data-analyst-etc-management-services-mumbai-all-areas-3-to-8-years-161023002108,30+ Days Ago
Data Analyst,NNE Pharmaplan,5-10 Yrs,Not disclosed,Bangalore/Bengaluru,Data ScienceInsightsdataSASArtificial IntelligenceFinanceTableauForecasting,https://www.naukri.com/job-listings-data-analyst-nne-pharmaplan-bangalore-bengaluru-1-to-2-years-271023501110,22 Days Ago
Data Analyst Trainee,Cheeron Life,5-7 Yrs,Not disclosed,"Noida, Uttar Pradesh, New Delhi, Delhi, Gurgaon/ Gurugram, Haryana",data modelsOpen sourcePythonalgorithmsstatistical modelsData analyticsOpenAdvanced Analytics,https://www.naukri.com/job-listings-data-analyst-trainee-cheeron-life-surat-gujarat-0-to-1-years-121023010939,15 Days Ago
Data Scientist / Data Analyst,Getwork,5-8 Yrs,Not disclosed,Kochi,Data analysisdata scienceAnalyticalMachine learningHTMLMonitoringFinancial servicesSQL,https://www.naukri.com/job-listings-data-scientist-data-analyst-getwork-kolkata-bhopal-madhya-pradesh-patna-bihar-lucknow-uttar-pradesh-jaipur-rajasthan-delhi-ncr-0-to-1-years-171023004934,30+ Days Ago
Senior Data Analyst,Vision Unlimited,4-8 Yrs,4-6 Lacs PA,"Kolkata, West Bengal",SAPAdvanced ExcelData AnalyticsanalyticsexcelData ManipulationData ManagementData Analysis,https://www.naukri.com/job-listings-senior-data-analyst-vision-unlimited-mohali-chandigarh-1-to-6-years-020821003397,8 Days Ago
Data Analyst,NimbusPost Pvt. Ltd.,1-3 Yrs,3.75-5 Lacs PA,"Warangal, Telangana, Hyderabad/Secunderabad, Nizamabad, Telangana",Data AnalysisData InterpretationData ManagementData ExtractionData MiningData AnalystData CollectionPower Point Presentation,https://www.naukri.com/job-listings-data-analyst-nimbuspost-pvt-ltd-gurgaon-gurugram-haryana-2-to-6-years-260923006381,15 Days Ago
Data Analyst,Sure Solution,4-5 Yrs,Not disclosed,Mumbai (All Areas),Data analysisVersion controlBusiness analysisMachine learningBusiness intelligenceAnalyticsFinancial servicesPython,https://www.naukri.com/job-listings-data-analyst-sure-solution-mumbai-navi-mumbai-mumbai-all-areas-3-to-8-years-280923006483,17 Days Ago
Trade DATA Analyst - FMCG MNC - Delhi,Kickstart Placements,3-6 Yrs,Not disclosed,"Noida, Uttar Pradesh",Due diligenceMachine learningdata visualizationAnalyticsFinancial servicesSQLPythonRecruitment,https://www.naukri.com/job-listings-trade-data-analyst-fmcg-mnc-delhi-kickstart-placements-delhi-ncr-5-to-9-years-181023009849,24 Days Ago
Data Analyst,Talent Corner Hr Services,3-6 Yrs,Not disclosed,Bangalore/Bengaluru,Due diligenceFinancial inclusionMachine learningFinancial servicesAnalyticsRecruitmentLogisticsSQL,https://www.naukri.com/job-listings-data-analyst-talent-corner-hr-services-mumbai-maharashtra-3-to-8-years-171023009627,6 Days Ago
Data analyst in Jewellery Sector,Final Round,2-6 Yrs,Not disclosed,Bangalore/Bengaluru,Quantitative researchVLOOKUPIFSData collectionBusiness intelligenceEconometricsMATLABAnalytics,https://www.naukri.com/job-listings-data-analyst-in-jewellery-sector-final-round-kolkata-west-bengal-2-to-4-years-150723005217,4 Days Ago
Data Analyst I Leading Finance Co. I Hyderabad,Hindco Recruitment Consultants,5-8 Yrs,Not disclosed,Bangalore/Bengaluru,Health careTableauPythonAzure Data FactoryWeb ServicesData IngestionPower BiPowershell,https://www.naukri.com/job-listings-data-analyst-i-leading-finance-co-i-hyderabad-hindco-recruitment-consultants-warangal-telangana-hyderabad-secunderabad-nizamabad-telangana-2-to-7-years-131023006723,4 Days Ago
Data Analyst For Mumbai (Goregaon),USHA International,4-7 Yrs,Not disclosed,Gurgaon/Gurugram,data analysis processesdata qualitydata managementdata cleaningMISdata governanceAnalysisManagement,https://www.naukri.com/job-listings-data-analyst-for-mumbai-goregaon-usha-international-mumbai-all-areas-4-to-8-years-111023006709,4 Days Ago
Hiring For Data Analyst- Naukri.com | Noida |,Info Edge,3-5 Yrs,Not disclosed,Gurgaon/Gurugram(Cyber City),AnalystNetworkingArtificial IntelligenceData AnalystCustomer serviceCustomer experienceSQLPython,https://www.naukri.com/job-listings-hiring-for-data-analyst-naukri-com-noida-info-edge-noida-uttar-pradesh-1-to-3-years-041023006113,17 Days Ago
Data Analyst - Transport,Gojek,3-4 Yrs,Not disclosed,Pune,AnalystNetworkingArtificial IntelligenceData AnalystCustomer serviceCustomer experienceSQLPython,https://www.naukri.com/job-listings-data-analyst-transport-go-jek-engineering-bangalore-bengaluru-4-to-5-years-211023500216,1 Day Ago
Data Analyst,Gojek,0-5 Yrs,Not disclosed,Gurgaon/Gurugram,Product managementERPData analysisPHPData AnalystOpen sourceData miningSQL,https://www.naukri.com/job-listings-data-analyst-go-jek-engineering-bangalore-bengaluru-3-to-6-years-231023501696,3 Days Ago
Data Analyst,Gojek,0-3 Yrs,Not disclosed,Gurgaon/Gurugram,Online researchLead generationData analysisExcelSalesDatabasemarket dataData Analyst,https://www.naukri.com/job-listings-data-analyst-go-jek-engineering-bangalore-bengaluru-3-to-6-years-231023501695,3 Days Ago
Data Analyst - Economics,The Economist Newspaper Limited,6-10 Yrs,Not disclosed,"New Delhi, Gurgaon/Gurugram",Trainingcontinuous integrationData analysisGITWeb servicesdata scienceArtificial IntelligenceMachine learning,https://www.naukri.com/job-listings-data-analyst-economics-the-economist-newspaper-limited-gurgaon-gurugram-2-to-6-years-231023502302,30+ Days Ago
Data Analyst,Lighthouse Communities Foundation,2-4 Yrs,5.5-10 Lacs PA,"Hyderabad/Secunderabad, Bangalore/Bengaluru",Data AnalyticsData SciencePredictive AnalyticsDataSciencePredictiveAnalytics,https://www.naukri.com/job-listings-data-analyst-lighthouse-communities-foundation-pune-4-to-7-years-271023907793,30+ Days Ago
Data Analyst,Netomi,4-9 Yrs,Not disclosed,Hyderabad/Secunderabad,ProcurementData analysisdata scienceAnalyticalMachine learninghealthcare analyticsNatural language processingProject delivery,https://www.naukri.com/job-listings-data-analyst-msg-ai-gurgaon-gurugram-3-to-5-years-251023500098,30+ Days Ago
Data Analyst,Netomi,5-7 Yrs,Not disclosed,Remote,Advanced AnalyticsMachine learningOpen sourcePythonalgorithmsdata modelingData analyticsTableau,https://www.naukri.com/job-listings-data-analyst-netomi-gurgaon-gurugram-3-to-4-years-241023500056,3 Days Ago
Data Analyst,Right Step Consulting,5-7 Yrs,Not disclosed,Bangalore/Bengaluru,Advanced AnalyticsData Analyticsmachine learningPythonalgorithmsdata modelingData ScientistTableau,https://www.naukri.com/job-listings-data-analyst-right-step-consulting-private-limited-new-delhi-gurgaon-gurugram-0-to-5-years-110417500945,2 Days Ago
Data Analyst,Ashok Maheshwary Associates,0-1 Yrs,Not disclosed,Bangalore/Bengaluru,Data Analysisdata analyticsdata cleaningMISData ExecutivereportingCRMData Cleansing,https://www.naukri.com/job-listings-data-analyst-ashok-maheshwary-associates-gurgaon-gurugram-0-to-3-years-010923500578,19 Days Ago
Data Analyst,Siemens,4-8 Yrs,Not disclosed,Mumbai,Data managementdata scienceCash flowData analyticsbig dataBusiness bankingAnalyticsSQL,https://www.naukri.com/job-listings-data-analyst-siemens-limited-bangalore-bengaluru-1-to-4-years-230823502153,2 Days Ago
BI Data Analyst - Finance,Vineet Tyre Center,1-6 Yrs,Not disclosed,Chennai,Business administrationData analysisData modelingAnalyticalBrand marketingMachine learningData analyticsdata visualization,https://www.naukri.com/job-listings-bi-data-analyst-finance-vineet-tyre-centre-pune-2-to-6-years-231023502199,30+ Days Ago
BI Data Analyst - Finance,Michelin,4-8 Yrs,Not disclosed,Gurgaon/Gurugram,Data ScienceNLPData ModelingMachine LearningDeep LearingPythonSQLData,https://www.naukri.com/job-listings-bi-data-analyst-finance-michelin-pune-2-to-5-years-231023500097,30+ Days Ago
Manager - Global Workplace Data Analyst,Hindustan Unilever Ltd,0-5 Yrs,3-6 Lacs PA,Gurgaon/Gurugram,Report DevelopmentBusiness ProcessPricing AnalysisProcess MappingRequirement GatheringDocumentationCoordination SkillsBusiness analysis,https://www.naukri.com/job-listings-manager-global-workplace-data-analyst-hindustan-unilever-ltd-bangalore-bengaluru-8-to-10-years-181023502013,1 Day Ago
Financial Data Analysts,CMOTS,5-8 Yrs,Not disclosed,"Gurgaon/ Gurugram, Haryana(C Block Sushant Lok Phase - I)",Power BIAzuredata analysisData VisualizationData WarehousingData ModelingAWSSQL,https://www.naukri.com/job-listings-financial-data-analysts-c-mots-infotech-pvt-ltd-chennai-0-to-3-years-251120501340,18 Days Ago
Business & Data Analyst,Astreya,5-10 Yrs,Not disclosed,Remote,Data analysisdata normalizationdata extractionMS Exceldata Mappingdata modellingdata orchestrationtransformation,https://www.naukri.com/job-listings-business-data-analyst-astreya-hyderabad-secunderabad-5-to-8-years-121023006780,30+ Days Ago
Business Data Analyst,Netxcell,8-13 Yrs,Not disclosed,Vijayawada,Data MigrationData GovernanceData MappingDataMappingGovernanceData analysisMigration,https://www.naukri.com/job-listings-business-data-analyst-netxcell-ltd-vijayawada-3-to-8-years-150922500288,30+ Days Ago
Business Data Analyst,Netxcell,1-3 Yrs,Not disclosed,Pune,HospitalityLinuxData managementdata securityBusiness analyticsDisaster recoveryMachine learningInformation technology,https://www.naukri.com/job-listings-business-data-analyst-netxcell-ltd-vijayawada-3-to-8-years-060922500364,1 Day Ago
Business Analyst / Data Analyst,DC Consultants,12-22 Yrs,Not disclosed,Bangalore/Bengaluru,Product managementSAP project managementPrincipal ArchitectSAPNoSQLProject managementSCMjava technical lead,https://www.naukri.com/job-listings-business-analyst-data-analyst-dc-consultants-pune-3-to-5-years-270422500145,22 Days Ago
Business Development Data Analyst,Bairesdev Llc,8-12 Yrs,Not disclosed,Bangalore/Bengaluru,AutomationData migrationVersion controlData modelingPowershellSSHData qualityAnalytics,https://www.naukri.com/job-listings-business-development-data-analyst-bairesdev-llc-remote-2-to-5-years-230323500112,30+ Days Ago
Business Data Analyst,Netxcell,10-15 Yrs,Not disclosed,Bangalore/Bengaluru,SalesConsultingMachine learningManager TechnologyPresalesAccount managementData analyticsManagement,https://www.naukri.com/job-listings-business-data-analyst-netxcell-ltd-vijayawada-3-to-8-years-120523500288,15 Days Ago
Business Data Analyst,Rabbit And Tortoise Technology Solutions,5-10 Yrs,Not disclosed,"Kolkata, Mumbai, New Delhi, Hyderabad/Secunderabad, Pune, Chennai, Bangalore/Bengaluru",Complex Functions and Analysis using ExcelExcel ChampionAble to Teach Advanced ExcelPivot ChartsVBAMacrosTrainingData analytics,https://www.naukri.com/job-listings-business-data-analyst-rabbit-and-tortoise-technology-solutions-pune-5-to-10-years-271023907991,30+ Days Ago
Data Analyst,Anakin Skywalker,2-5 Yrs,3.75-7 Lacs PA,Bangalore/Bengaluru,risk managementcredit strategiesData Analyticsdata analysisrisk policyRisk Analyticsadvanced excelSQL,https://www.naukri.com/job-listings-data-analyst-anakin-skywalker-bangalore-bengaluru-1-to-5-years-121023010704,30+ Days Ago
Power BI Analyst / Data Analyst,What Digital Technologies,0-3 Yrs,Not disclosed,Bangalore/Bengaluru,Business processERPSAPMS AccessAnalyticalpower biBusiness managementAdvanced Excel,https://www.naukri.com/job-listings-power-bi-analyst-data-analyst-what-digital-technologies-bangalore-bengaluru-karnataka-3-to-7-years-101023009970,20 Days Ago
Data Analyst,Paychex It Solutions,3-8 Yrs,Not disclosed,"Bangalore/ Bengaluru, Karnataka",Power BiSQL QueriesAdvanced ExcelDataQueryExcelBiSQL,https://www.naukri.com/job-listings-data-analyst-paychex-it-solutions-inida-pvt-ltd-bangalore-bengaluru-3-to-8-years-060723500479,25 Days Ago
Staff Data Analyst,Tivo,3-7 Yrs,Not disclosed,Chennai,Supply chainComputer scienceData analysisProduct engineeringMISAnalyticalSenior Data AnalystData analytics,https://www.naukri.com/job-listings-staff-data-analyst-tivo-bangalore-bengaluru-8-to-12-years-261023005952,14 Days Ago
Urgent- Data Analyst- CMM Level 5 Client- Bangalore/Pune-,Skyonn Technologies,1-5 Yrs,Not disclosed,"Gurgaon/ Gurugram, Haryana",Data analysisStatistical analysisSASData AnalystData analyticsRegression analysisData miningPython,https://www.naukri.com/job-listings-urgent-data-analyst-cmm-level-5-client-bangalore-pune-skyonn-technologies-pune-maharashtra-bangalore-bengaluru-karnataka-4-to-9-years-270923009824,25 Days Ago
Senior Data Analyst - HIS,3M India,7-10 Yrs,Not disclosed,Bangalore/Bengaluru,PostgresqlSchemaData collectionpower bimicrosoftApacheAnalyticsReporting tools,https://www.naukri.com/job-listings-senior-data-analyst-his-3m-india-ltd-bangalore-bengaluru-6-to-10-years-250723501128,30+ Days Ago
Data Analyst Lead,SignEasy,4-9 Yrs,Not disclosed,Bangalore/Bengaluru,Data analysisData researchComplianceMySQLAgileData AnalystData analyticsbig data,https://www.naukri.com/job-listings-data-analyst-lead-signeasy-bangalore-bengaluru-5-to-7-years-071023500434,30+ Days Ago
Data Analyst (Credit Strategy),Adecco Group,2-4 Yrs,Not disclosed,Bangalore/Bengaluru,Supply chainAnalytical skillsSQL queriesData analysisExcelSenior Data AnalystAgileData analytics,https://www.naukri.com/job-listings-data-analyst-credit-strategy-adecco-group-bangalore-bengaluru-karnataka-2-to-5-years-070823007064,2 Days Ago
Data Analyst,Copeland,1-4 Yrs,Not disclosed,Bangalore/Bengaluru,Secondary DataDatabase Design DevelopmentBusiness Data AnalystData Collection SystemsData AnalysisData MiningInformation ManagementData Analytics,https://www.naukri.com/job-listings-data-analyst-copeland-chennai-0-to-3-years-131023501526,30+ Days Ago
Data Analyst,Teleperformance (TP),6-12 Yrs,Not disclosed,Bangalore/Bengaluru,Logistic regressionAgileMerchandisingStakeholder managementOpen sourceData warehousingPrincipalAnalytics,https://www.naukri.com/job-listings-data-analyst-teleperformance-tp-gurgaon-gurugram-haryana-3-to-8-years-031023003787,30+ Days Ago
Senior Data Analyst,Capleo Global,5-8 Yrs,Not disclosed,"Hyderabad/Secunderabad, Coimbatore, Thodupuzha, Trivandrum/Thiruvananthapuram, Kochi/Cochin, Kolkata, Cannanore/Kannur, Indore, Nagpur, Pune, Lucknow, Calicut/Kozhikode, Bangalore/Bengaluru",TableauPythonSQLRData analysisData,https://www.naukri.com/job-listings-senior-data-analyst-capleo-global-bangalore-bengaluru-3-to-7-years-310823501118,30+ Days Ago
Data Analyst,Diverse Lynx,1-4 Yrs,Not disclosed,Bangalore/Bengaluru,Process improvementData collectionData AnalystData analyticsManagementData analysisCollectionsAnalysis,https://www.naukri.com/job-listings-data-analyst-diverse-lynx-bangalore-bengaluru-1-to-5-years-100523502936,1 Day Ago
Lead Data Analyst,TVS Motor,2-5 Yrs,18-22.5 Lacs PA,"Gurgaon/ Gurugram, Haryana",Data ModelingPythonSQlDataData analysisScienceModelingData Science,https://www.naukri.com/job-listings-lead-data-analyst-tvs-motor-company-bangalore-bengaluru-7-to-10-years-251023500808,17 Days Ago
Product Data Analyst,4CRisk.ai,0-1 Yrs,Not disclosed,Surat,sqlexcelData AnalysisData VisualizationAdvanced ExcelTableauData ReportingReporting,https://www.naukri.com/job-listings-product-data-analyst-4crisk-ai-bangalore-bengaluru-4-to-9-years-290922501878,30+ Days Ago
Senior Data Analyst - AWS,Expedite Technology Solutions,1-3 Yrs,Not disclosed,Remote,Data analysisMS SQLExcelBfsiBusiness analyticsPostgresqlMySQLPredictive modeling,https://www.naukri.com/job-listings-senior-data-analyst-aws-expedite-technology-solutions-llc-bangalore-bengaluru-2-to-4-years-200923500788,5 Days Ago
Data Analyst,Cindrebay School Of Fashion & Interior Design,3-5 Yrs,Not disclosed,"Visakhapatnam/ Vizag, Andhra Pradesh",Analytical skillsData AnalystAnalyst IIdata visualizationMonitoringSQLTestingPython,https://www.naukri.com/job-listings-data-analyst-cindrebay-school-of-fashion-interior-design-hyderabad-secunderabad-coimbatore-thodupuzha-trivandrum-thiruvananthapuram-kochi-cochin-kolkata-cannanore-kannur-indore-nagpur-pune-lucknow-calicut-kozhikode-1-to-4-years-101221500466,12 Days Ago
Lead Data Analyst,Target,3-5 Yrs,Not disclosed,Gurgaon/Gurugram,TableauPythonSQLDataSeniorData analysis,https://www.naukri.com/job-listings-lead-data-analyst-target-corporation-india-pvt-ltd-bangalore-bengaluru-6-to-12-years-271023500324,30+ Days Ago
Lead Data Analyst,Airtel,0-5 Yrs,Not disclosed,Bangalore/Bengaluru,ExcelcommTextileAnalytical SkillsPlanning SkillsProblem SolvingLeadership SkillsPresentation Skills,https://www.naukri.com/job-listings-lead-data-analyst-airtel-gurgaon-gurugram-haryana-5-to-8-years-041023008602,2 Days Ago
DATA ANALYST,Miracle Hub,1-3 Yrs,3.5-4.5 Lacs PA,"Gurgaon/ Gurugram, Haryana",Good Communication In EnglishPlanning And AnalysisProduction PlanningAdvanced ExcelData AnalyticsDataAnalyticsCommunication skills,https://www.naukri.com/job-listings-data-analyst-miracle-hub-surat-1-to-4-years-310123501242,23 Days Ago
Data Analyst,"Pro-Vigil, Inc.(A Riverside Group Company)",2-4 Yrs,Not disclosed,Mumbai (All Areas),Computer scienceData validationsparkSMSData processingData AnalystTest casesSQL,https://www.naukri.com/job-listings-data-analyst-pro-vigil-inc-a-riverside-group-company-visakhapatnam-vizag-andhra-pradesh-0-to-1-years-170823008181,10 Days Ago
Data Analyst,Rpa Infotech,10-15 Yrs,Not disclosed,Gurgaon/Gurugram,Predictive ModelingStatistical ModelingMachine LearningPythonFinancial ModellingRLogistic RegressionRisk Analytics,https://www.naukri.com/job-listings-data-analyst-rpa-infotech-pvt-ltd-gurgaon-gurugram-1-to-3-years-291020500641,30+ Days Ago
Data Analyst II,TVS Motor,6-10 Yrs,Not disclosed,Gurgaon/Gurugram,Data SciencePredictive ModelingData EngineeringArtificial IntelligenceData AnalyticsMachine LearningDeep LearningMl,https://www.naukri.com/job-listings-data-analyst-ii-tvs-motor-company-bangalore-bengaluru-3-to-5-years-251023500783,30+ Days Ago
Senior Data Analyst,Airtel,2-6 Yrs,Not disclosed,"Thane, Maharashtra, Navi Mumbai, Maharashtra, Mumbai (All Areas)",tableaudata scienceGCPQlikViewMATLABAWSAnalyticsSQL,https://www.naukri.com/job-listings-senior-data-analyst-airtel-gurgaon-gurugram-haryana-3-to-5-years-041023000168,30+ Days Ago
Textile Data Analyst,Texlens Infotex,3-6 Yrs,Not disclosed,Remote,Data analysisEDCRisk assessmentrisk modelingMachine learningData processingmodel developmentFinancial services,https://www.naukri.com/job-listings-textile-data-analyst-texlens-infotex-indore-madhya-pradesh-0-to-5-years-161023002067,21 Days Ago
Junior Executive - Data Analyst,MBMG (Mahendra Brothers & Malabar Group),5-10 Yrs,Not disclosed,Chennai,PythonSQLQuantitative AnalysisRPower BiRegressionStatistical ModelingData Visualization,https://www.naukri.com/job-listings-junior-executive-data-analyst-mbmg-mahendra-brothers-malabar-group-mumbai-all-areas-1-to-3-years-171023010010,1 Day Ago
Data Analyst,Adidas,12-20 Yrs,Not disclosed,Noida,Cluster analysisdeep learningorchestrationGCPMachine learningProcess qualityData analyticsAWS,https://www.naukri.com/job-listings-data-analyst-adidas-group-gurgaon-gurugram-2-to-4-years-170323501182,8 Days Ago
Data Analyst,Adidas,5-8 Yrs,Not disclosed,"Patna, Bihar",data scienceCodingpower biPythonDataScienceBi,https://www.naukri.com/job-listings-data-analyst-adidas-group-gurgaon-gurugram-2-to-4-years-170323501179,7 Days Ago
"Data analyst / Data scientist, AVP",Deutsche Bank,0-2 Yrs,Not disclosed,Hyderabad/Secunderabad,BasicUsageData managementSenior AnalystAnalyticalFinanceManager TechnologyRepresentative,https://www.naukri.com/job-listings-data-analyst-data-scientist-avp-deutsche-bank-ag-bangalore-bengaluru-5-to-10-years-121023911063,30 Days Ago
Data Analyst,Criteo,4-9 Yrs,Not disclosed,Mumbai (All Areas),AutomationData analysisGITRenewable energydata sciencebig data analyticsData analyticsAutomotive,https://www.naukri.com/job-listings-data-analyst-criteo-gurgaon-gurugram-4-to-9-years-131023501183,13 Days Ago
Data Analyst,Criteo,6-10 Yrs,Not disclosed,"Hybrid - Coimbatore, Tamil Nadu",RCASoftware designVersion controlCodingMachine learningData structuresProject deliveryMonitoring,https://www.naukri.com/job-listings-data-analyst-criteo-gurgaon-gurugram-2-to-7-years-131023501184,8 Days Ago
Senior Data Analyst,CarDekho,3-9 Yrs,Not disclosed,Guwahati,Due diligencedata scienceCodingFinancial inclusionMachine learningCommerceFinancial servicesRecruitment,https://www.naukri.com/job-listings-senior-data-analyst-cardekho-gurgaon-gurugram-2-to-4-years-220422501584,30+ Days Ago
Senior Data Analyst,Innovaccer,5-5 Yrs,Not disclosed,Gurgaon/Gurugram,Data ScienceAlgorithmsPredictive ModellingData Modelling MethodologiesAgriculture Field Trial DataMeta AnalysisData AnalyticsModeling,https://www.naukri.com/job-listings-senior-data-analyst-innovaccer-noida-6-to-11-years-131023500914,30+ Days Ago
Data Analyst,Goibibo,0-5 Yrs,Not disclosed,Bangalore/Bengaluru,NLPData ScienceTensorflowData ScientistArtificial IntelligenceData ModelingMachine LearningNumpy,https://www.naukri.com/job-listings-data-analyst-goibibo-gurgaon-gurugram-haryana-2-to-4-years-091023006636,4 Days Ago
Data Analyst,Medtronic,2-5 Yrs,Not disclosed,"Noida, Gurgaon/Gurugram, Delhi / NCR",Supply chainRetailData analysisGoogle Analyticspower biCustomer servicemicrosoftStakeholder management,https://www.naukri.com/job-listings-data-analyst-india-medtronic-pvt-ltd-hyderabad-secunderabad-4-to-9-years-161023500986,24 Days Ago
Data Analyst / Sr Data Analyst : Analytics,Lenskart,3-8 Yrs,4-9 Lacs PA,"Noida, Uttar Pradesh",Business AnalystPower BiBusiness AnalysisSQLDashboardsBusiness AnalyticsSQL QueriesData Analyst,https://www.naukri.com/job-listings-data-analyst-sr-data-analyst-analytics-lenskart-com-gurgaon-gurugram-2-to-5-years-111023501502,9 Days Ago
Data Analyst / Sr Data Analyst - Analytics,Lenskart,2-5 Yrs,Not disclosed,Pune,Process automationLoansBusiness analysisBillingData collectionPHPCustomer supportBusiness intelligence,https://www.naukri.com/job-listings-data-analyst-sr-data-analyst-analytics-lenskart-gurgaon-gurugram-2-to-5-years-111023501177,6 Days Ago
Technical Business Analyst/Data Analyst,T-systems Ict India,5-9 Yrs,Not disclosed,Faridabad,HibernateTomcatCodingTechnical writingJDBCOLAPOpen sourceJIRA,https://www.naukri.com/job-listings-technical-business-analyst-data-analyst-t-systems-ict-india-pvt-ltd-pune-5-to-10-years-211023500154,30+ Days Ago
Data Analyst,Boutiqaat Services,7-12 Yrs,Not disclosed,Pune,business intelligence reportingMS SQLISOProcess documentationAnalyticalpower biData analyticsDBMS,https://www.naukri.com/job-listings-data-analyst-boutiqaat-services-kuwait-3-to-7-years-261023005713,1 Day Ago
Senior Manager - Optimal Cost - Data Analyst,Golden Opportunities,1-5 Yrs,Not disclosed,"Rajkot, Gujarat",Data analysisSASData analyticsBusiness intelligencemicrosoftData miningData warehousingSQL,https://www.naukri.com/job-listings-senior-manager-optimal-cost-data-analyst-golden-opportunities-bangalore-bengaluru-karnataka-10-to-15-years-231023901541,2 Days Ago
Lead Data Analyst,Maruti Techlabs,5-10 Yrs,9-16 Lacs PA,"Ghaziabad, Hyderabad/Secunderabad",Data AnalysisExcelSASTableauQlikSPSSData AnalyticsSA,https://www.naukri.com/job-listings-lead-data-analyst-maruti-techlabs-pvt-ltd-ahmedabad-7-to-12-years-041023007836,30+ Days Ago
Data Analyst,Mathrubhumi,2-4 Yrs,Not disclosed,Calicut/Kozhikode,Power BiData AnalysisAdvanced ExcelPower Bi ReportsDax QueriesPower PivotData VisualizationTableau,https://www.naukri.com/job-listings-data-analyst-mathrubhumi-kochi-cochin-kerala-calicut-kozhikode-kerala-1-to-2-years-290923004906,30+ Days Ago
Data Analyst,Vbeyond Corporation,7-10 Yrs,Not disclosed,Remote,Interpersonal skillsData modelingTechnical leadershipData analyticsdata visualizationBusiness intelligenceAnalyticsSolution Architect,https://www.naukri.com/job-listings-data-analyst-vbeyond-corporation-hyderabad-secunderabad-telangana-4-to-7-years-270923010241,16 Days Ago
Data Analyst,Screen-magic,1-2 Yrs,Not disclosed,"Coimbatore, Tamil Nadu",Analytical skillsData analysistableauExcelData managementData AnalystData analyticsBusiness intelligence,https://www.naukri.com/job-listings-data-analyst-screen-magic-pune-3-to-6-years-261023500628,17 Days Ago
Senior Data Analyst,Epp Composites,3-5 Yrs,Not disclosed,Hyderabad/Secunderabad,Business objectsStatistical analysisAnalyticalBusiness analyticsMachine learningE-commerceData AnalystData analytics,https://www.naukri.com/job-listings-senior-data-analyst-epp-composites-rajkot-gujarat-3-to-5-years-261023004989,30+ Days Ago
Data Analyst IV,Realpage,6-11 Yrs,Not disclosed,Mumbai,Data analysisGCPAnalyticalMySQLData AnalystData analyticsOpen sourceAnalytics,https://www.naukri.com/job-listings-data-analyst-iv-realpage-inc-ghaziabad-hyderabad-secunderabad-7-to-12-years-210623502081,30+ Days Ago
Senior Data Analyst,Buchprufer,4-9 Yrs,Not disclosed,Mumbai,SASBusiness analyticsProgrammingData processingData analyticsQlikViewdata visualizationStakeholder management,https://www.naukri.com/job-listings-senior-data-analyst-buchprufer-calicut-kozhikode-1-to-5-years-170723500907,30+ Days Ago
Data Analyst,Luv Sethi,8-10 Yrs,Not disclosed,Remote,Web analyticsBusiness analyticsAnalyticalData collectionAdobeDigital marketingInformation technologyCRM,https://www.naukri.com/job-listings-data-analyst-luv-sethi-chandigarh-chandigarh-5-to-10-years-121023007032,30+ Days Ago
Data Analyst _ Power BI,Vserve,2-3 Yrs,Not disclosed,Mumbai,Product engineeringStatistical modelingmanagementData AnalystData analyticsQlikViewIndividual ContributorSQL,https://www.naukri.com/job-listings-data-analyst-power-bi-vserve-coimbatore-tamil-nadu-2-to-4-years-101023010714,30+ Days Ago
Data Analyst Solution Architect,Criticalriver,12-22 Yrs,Not disclosed,Bangalore/Bengaluru,Business IntelligenceProperty And Casualty InsuranceP&CInsurance AnalyticsData AnalyticsData EngineeringClaimsUnderwriting,https://www.naukri.com/job-listings-data-analyst-solution-architect-criticalriver-inc-hyderabad-secunderabad-7-to-10-years-070723501564,4 Days Ago
Data Analyst,Neemtree Internet,4-6 Yrs,Not disclosed,Chennai,AutomationBusiness analyticsConsultingManagement consultingData analyticsRisk managementIT operationsInformation technology,https://www.naukri.com/job-listings-data-analyst-neemtree-internet-pvt-ltd-mumbai-1-to-2-years-010923501141,30+ Days Ago
Data Analyst,Session Ai,1-2 Yrs,Not disclosed,"Hybrid - Noida, Uttar Pradesh, Gurgaon/ Gurugram, Haryana, Delhi / NCR",Data analysisStatistical modelingSASmanagementDatabase managementDatabaseData AnalystData analytics,https://www.naukri.com/job-listings-data-analyst-session-ai-mumbai-3-to-5-years-300823500755,8 Days Ago
Data Analyst With GCP,Kloud9,0-4 Yrs,Not disclosed,Hyderabad/Secunderabad,Analytical skillsData analysisBackendExcelWeb analyticsWealth managementReport writingData quality,https://www.naukri.com/job-listings-data-analyst-with-gcp-retail-kloud9-technologies-india-private-limited-remote-6-to-11-years-261222502801,30+ Days Ago
Data Analyst,Coders Brain Pvt Ltd,1-5 Yrs,Not disclosed,Kochi,Computer scienceAnalyticalData collectionPackagingData analyticsMathematicsData AnalystInformation technology,https://www.naukri.com/job-listings-data-analyst-coders-brain-pvt-ltd-mumbai-4-to-9-years-250823502697,30+ Days Ago
Senior Data Analyst,Verticurl Marketing Private Ltd,2-4 Yrs,Not disclosed,Bangalore/Bengaluru,Business IntelligenceGoogle AnalyticsPower BiData AnalysisData VisualizationDigital MarketingData AnalystData Warehousing,https://www.naukri.com/job-listings-senior-data-analyst-verticurl-marketing-private-ltd-bangalore-bengaluru-8-to-10-years-231023501918,30+ Days Ago
Data Analyst,Mad Street Den,5-8 Yrs,Not disclosed,Kolkata,business intelligence reportingMS SQLISOProcess documentationAnalyticalpower biData analyticsDBMS,https://www.naukri.com/job-listings-data-analyst-mad-street-den-chennai-2-to-3-years-210721501120,30+ Days Ago
Lead Data Analyst,Talent Socio,1-6 Yrs,Not disclosed,"Ghaziabad, Hyderabad/Secunderabad",Power BiPython DeveloperJavascriptProposal WritingData AnalystMvcBusiness DevelopmentData Analytics,https://www.naukri.com/job-listings-lead-data-analyst-talent-socio-hyderabad-secunderabad-4-to-6-years-130423501968,30+ Days Ago
Senior Data Analyst,Insightse,2-4 Yrs,Not disclosed,Vadodara,Data ValidationData QualityAutomationFinanceData ManagementBusiness ProcessData AnalyticsQuality Assurance,https://www.naukri.com/job-listings-senior-data-analyst-insightse-ernakulam-kochi-cochin-1-to-2-years-091220500003,30+ Days Ago
Data Analyst Intern,Jar App,2-4 Yrs,Not disclosed,Ernakulam,Business processService taxBillingData qualityData AnalystData analyticsData miningSTM,https://www.naukri.com/job-listings-data-analyst-intern-jar-bangalore-bengaluru-0-to-4-years-090223502464,30+ Days Ago
Data Analyst,Vixplor Analytics,1-3 Yrs,1.75-2.5 Lacs PA,Mumbai,Data ReportingData TransformationData ManipulationData CleansingData ExtractionData MiningData VisualizationData Crunching,https://www.naukri.com/job-listings-data-analyst-vixplor-analytics-kolkata-1-to-5-years-301219501920,30+ Days Ago
Sr Data Analyst / Power BI Developer,Smartsense Consulting Solutions,1-2 Yrs,Not disclosed,Hyderabad/Secunderabad,Data analyticsStatisticsPythonanalyticsdata analysisdata,https://www.naukri.com/job-listings-sr-data-analyst-power-bi-developer-smartsense-consulting-solutions-gandhinagar-2-to-4-years-300821500401,30+ Days Ago
Data Analyst III,Realpage,1-3 Yrs,Not disclosed,"Vijayawada, Andhra Pradesh",Supply chainEconomicsPharmaProject managementHealthcareData Analystdata visualizationAnalytics,https://www.naukri.com/job-listings-data-analyst-iii-realpage-inc-ghaziabad-hyderabad-secunderabad-5-to-8-years-300523501930,30+ Days Ago
Data Analyst,Ascendion Engineering,3-8 Yrs,Not disclosed,Pune,Report generationdata manipulationProcess improvementSoftware ProfessionalqueryHTTPData AnalystData analytics,https://www.naukri.com/job-listings-data-analyst-ascendion-vadodara-baroda-3-to-5-years-290423500097,30+ Days Ago
Python Developer - Data Analyst,Skyislimit Technologies,1-4 Yrs,Not disclosed,"Kolkata, Mumbai, New Delhi, Hyderabad/Secunderabad, Pune, Chennai, Bangalore/Bengaluru",Process improvementData collectionData analyticsData AnalystManagementimprovementanalysisdata,https://www.naukri.com/job-listings-python-developer-data-analyst-skyislimit-ernakulam-1-to-6-years-281221501726,4 Days Ago
Senior Data Analyst,RGA,2-5 Yrs,Not disclosed,Chennai,Managed servicesExcelProcess improvementData collectionHTTPData analyticsData AnalystPowerpoint,https://www.naukri.com/job-listings-senior-data-analyst-rga-mumbai-2-to-4-years-281021500505,30+ Days Ago
Data Analyst,Fusion Plus Solutions Inc,2-6 Yrs,Not disclosed,Jaipur,AutomationSimulationRenewable energyAerospaceMachine learningData collectionData Analystdata visualization,https://www.naukri.com/job-listings-data-analyst-fusion-plus-solutions-inc-hyderabad-secunderabad-2-to-4-years-280223501039,30+ Days Ago
Data Analyst,MindBrink Media Pulse (P) Ltd,3-5 Yrs,Not disclosed,Kolkata,ExcelGCPdata reportingVLOOKUPdata privacyData analyticsData miningMacros,https://www.naukri.com/job-listings-data-analyst-mindbrink-media-pulse-p-ltd-vijayawada-andhra-pradesh-1-to-3-years-260923006639,30+ Days Ago
Data Analyst,Evov Solutions,3-8 Yrs,Not disclosed,Bangalore/Bengaluru,Data AnalyticsTrainingOracle DatabaseData AnalysisDataDBMSOracleAnalytics,https://www.naukri.com/job-listings-data-analyst-evov-solutions-llp-pune-1-to-2-years-240223501176,14 Days Ago
Senior Data Analyst,Blink Health,7-10 Yrs,Not disclosed,Chennai,SSRSSSISSQLSSikimballData AnalyticsData Analyreporting,https://www.naukri.com/job-listings-senior-data-analyst-blink-health-kolkata-mumbai-new-delhi-hyderabad-secunderabad-pune-chennai-bangalore-bengaluru-1-to-3-years-231023500890,30+ Days Ago
Data Analyst-SR,Atlas Systems,5-10 Yrs,5-10 Lacs PA,Remote,SQLData AnalyticsETLTalendBusiness IntelligenceData ExtractionData CleansingInformatica,https://www.naukri.com/job-listings-data-analyst-sr-a-t-l-a-s-systems-pvt-ltd-chennai-3-to-8-years-221022500712,23 Days Ago
Data Analyst,HyreFox Consultants Pvt Ltd,8-13 Yrs,Not disclosed,Remote,SQL queriesAnalystManager TechnologyData qualityData AnalystAnalyst IIAnalyticsPython,https://www.naukri.com/job-listings-data-analyst-hyrefox-consultants-pvt-ltd-jaipur-1-to-4-years-211222500849,24 Days Ago
Data Analyst,Energytech Ventures,4-9 Yrs,Not disclosed,"Chennai, Tamil Nadu",MicrostrategyBusiness improvementdata integritySubject matter expertiseBusiness intelligenceContinuous improvementOperationsAnalytics,https://www.naukri.com/job-listings-data-analyst-energytech-ventures-kolkata-2-to-5-years-170120500029,24 Days Ago
Data Analyst,Siemens Gamesa Renewable Energy,7-10 Yrs,Not disclosed,Remote,Power BiData AnalysisTableauSQLData VisualizationData CollectionData ReportingData,https://www.naukri.com/job-listings-data-analyst-siemens-gamesa-bangalore-bengaluru-2-to-6-years-131023500891,1 Day Ago
Data Analyst,iKomet,2-4 Yrs,Not disclosed,Remote,Data analysisManager Quality AssuranceData modelingdata securityAnalyticalData collectionHypothesis TestingData quality,https://www.naukri.com/job-listings-data-analyst-ikomet-technology-solutions-pvt-ltd-chennai-3-to-5-years-110221500072,1 Day Ago
Data Analyst,KGSTechGroup,4-9 Yrs,Not disclosed,"Hybrid - Noida, Uttar Pradesh",Data analystPower BisqlDataBiData analysis,https://www.naukri.com/job-listings-data-analyst-kgstechgroup-mumbai-all-areas-3-to-8-years-051023000165,2 Days Ago
Data Analyst,Cipher Pulse,5-6 Yrs,Not disclosed,New Delhi,Apache AirflowSnowflakePythonSQLData ValidationPower BIData AnalysisData Collection,https://www.naukri.com/job-listings-data-analyst-cipher-pulse-new-delhi-delhi-7-to-10-years-031023008011,1 Day Ago
Senior Data Analyst,Infoneo Technologies,0-8 Yrs,Not disclosed,"Pune, Maharashtra",MicrostrategyData analysisSASAnalyticalData AnalystBusiness intelligenceAnalyticsReporting tools,https://www.naukri.com/job-listings-senior-data-analyst-infoneo-technologies-chennai-tamil-nadu-5-to-10-years-031023004466,1 Day Ago
Senior Data Analyst - II,Venturedive,3-7 Yrs,Not disclosed,"Mumbai, Delhi / NCR, Bangalore/Bengaluru",Informatica Product 360Informatica P360ETIMUNSPSCData SyndicationSyndicationDataInformatica,https://www.naukri.com/job-listings-senior-data-analyst-ii-venturedive-remote-8-to-13-years-261023501592,5 Days Ago
Senior Data Analyst - I,Venturedive,2-3 Yrs,Not disclosed,Bangalore/Bengaluru,Data Analysispower BIData AnalystTableauanalytical skillscustomer supportDataBi,https://www.naukri.com/job-listings-senior-data-analyst-i-venturedive-remote-4-to-9-years-261023501591,30+ Days Ago
Senior Data Analyst,(v)WeCare Technology,3-4 Yrs,Not disclosed,Mumbai,MS ExcelMISData AnalysisData Visualizationpattern analysiDataMicrosoftExcel,https://www.naukri.com/job-listings-senior-data-analyst-v-wecare-technology-noida-uttar-pradesh-7-to-10-years-261023004942,1 Day Ago
Data Analyst,Prakhar Software,4-5 Yrs,Not disclosed,Mumbai,Data AnalysisMS ExcelVBAClient relationship managementAnalyticalSurvey designMarket research operationsData modelling,https://www.naukri.com/job-listings-data-analyst-prakhar-software-solutions-new-delhi-2-to-4-years-271023501052,1 Day Ago
Data Analyst,Peoplefy Infosolutions,2-3 Yrs,Not disclosed,Faridabad,Data Analysisdata cleansingdata miningBIdata visualizationAnalysisDataCleansing,https://www.naukri.com/job-listings-data-analyst-peoplefy-infosolutions-pune-maharashtra-4-to-9-years-271023009031,1 Day Ago
Data Analyst,CLoud Staff Solutions,4-6 Yrs,4-5 Lacs PA,Noida,Google SheetsTeam CoordinationAdvanced ExcelMIS ReportingTeam LeadingGoogle Data StudioData ManagementFormulas,https://www.naukri.com/job-listings-data-analyst-cloud-staff-solutions-mumbai-delhi-ncr-bangalore-bengaluru-5-to-6-years-231023902307,1 Day Ago
Data Analyst,MM STAFFING CAREER CONSULTANTS PRIVATE LIMITED,1-4 Yrs,Not disclosed,Chennai,Report generationData analysisHP data protectordata securityInformation securityISO 27001HIPAAData processing,https://www.naukri.com/job-listings-data-analyst-mm-staffing-career-consultants-private-limited-bangalore-bengaluru-0-to-8-years-110423501693,1 Day Ago
Data Analyst,Nvent,4-8 Yrs,Not disclosed,New Delhi,Data Analysispythondata scienceSASData Miningbig dataSQLData,https://www.naukri.com/job-listings-data-analyst-nvent-mumbai-2-to-3-years-271023906671,2 Days Ago
Data Analyst,Locus Solution,0-4 Yrs,Not disclosed,"Mohali, Punjab",Computer scienceData analysisAutomationData managementData AnalystCustomer serviceSSISOperations,https://www.naukri.com/job-listings-data-analyst-locus-solution-faridabad-3-to-4-years-271023906110,11 Days Ago
Data Analyst,Superior Electric Machines,0-3 Yrs,Not disclosed,New Delhi,Market analysisUsageExcelData collectionDatabaseData Analystdata visualizationTroubleshooting,https://www.naukri.com/job-listings-data-analyst-oceanofweb-noida-4-to-5-years-271023905209,14 Days Ago
Data Analyst,KS Smart Solutions,0-4 Yrs,Not disclosed,Hyderabad/Secunderabad,NutritionCodingCRCData AnalystResearchBioinformaticsPythonanalysis,https://www.naukri.com/job-listings-data-analyst-ks-smart-solutions-chennai-2-to-3-years-271023904632,15 Days Ago
Data Analyst,Everest Fleet,0-3 Yrs,Not disclosed,Bangalore/Bengaluru,Data analysisData managementDatabase designAnalyticalMachine learningAlgorithm developmentForecastingInformation technology,https://www.naukri.com/job-listings-data-analyst-everest-fleet-pune-maharashtra-4-to-6-years-271023010683,30+ Days Ago
Data Analyst (DPIC),Epic Foods,0-5 Yrs,Not disclosed,Bengaluru,TrainingInvestment productsFinancial marketsInvestment researchData Research AnalystDatabasebusiness rulesData quality,https://www.naukri.com/job-listings-data-analyst-dpic-epic-foods-new-delhi-1-to-4-years-261023500067,30+ Days Ago
Python Data Analyst,M/S Open Hand Solutions,0-0 Yrs,Not disclosed,Bangalore/Bengaluru,excelOnline ResearchData ResearchInternet ResearchWeb ResearchData StructuresData ExtractionData Entry,https://www.naukri.com/job-listings-python-data-analyst-m-s-open-hand-solutions-mohali-punjab-4-to-8-years-171023006066,30+ Days Ago
Data Analyst,SmartlyHR ( a unit of Keyquest Technologies Pvt Ltd ),2-6 Yrs,Unpaid,Bangalore/Bengaluru,Data analysisSASMachine learningHealthcareGermanCustomer serviceTeradataData mining,https://www.naukri.com/job-listings-data-analyst-smartlyhr-a-unit-of-keyquest-technologies-pvt-ltd-new-delhi-4-to-8-years-131023909202,30+ Days Ago
Data Analyst,Knoah Solutions Pvt Ltd,5-7 Yrs,Not disclosed,"Gurgaon/ Gurugram, Haryana",Data ScienceData StrategyOpen sourcePythonData analysisdata explorationAnalysisData,https://www.naukri.com/job-listings-data-analyst-knoah-solutions-pvt-ltd-hyderabad-secunderabad-0-to-4-years-121023501255,10 Days Ago
Data Analyst,Augie,5-7 Yrs,Not disclosed,Gurgaon/Gurugram,Enterprise applicationsOpen sourcePythondata modelsalgorithmsArtificial Intelligencestatistical modelsData analytics,https://www.naukri.com/job-listings-data-analyst-augie-pets-india-pvt-limited-bangalore-bengaluru-0-to-3-years-290822500368,Starts in 1-3 months
Data Analyst,St. John’s Research Institute,5-7 Yrs,Not disclosed,Bangalore/Bengaluru,Enterprise applicationsOpen sourcePythonArtificial IntelligenceData analyticsdata explorationcloud technologiesData,https://www.naukri.com/job-listings-data-analyst-st-john-s-research-institute-bengaluru-bangalore-0-to-4-years-210121501464,7 Days Ago
Data Analyst,Rystad Energy,5-7 Yrs,Not disclosed,Bangalore/Bengaluru,Enterprise applicationsOpen sourcePythonArtificial IntelligenceData analyticsTableudata exploration toolsData,https://www.naukri.com/job-listings-data-analyst-rystad-energy-india-private-limited-bangalore-bengaluru-0-to-3-years-160922502345,22 Days Ago
Intern – Computer Science/ Data Analyst,Pratham Edusys,5-7 Yrs,Not disclosed,Bangalore/Bengaluru,Open sourceAnalyticsPythondata modelsArtificial IntelligenceData ScientistCloudData analytics,https://www.naukri.com/job-listings-intern-computer-science-data-analyst-pratham-edusys-pvt-ltd-gurgaon-gurugram-0-to-1-years-111022500594,16 Days Ago
Hiring For SR DATA Analyst,Live Connections,10-20 Yrs,2-3.5 Lacs PA,Saudi Arabia,Data AnalysisData TransformationData ExplorationData ExtractionData MiningData CleansingData MappingData Quality,https://www.naukri.com/job-listings-hiring-for-sr-data-analyst-live-connections-hyderabad-secunderabad-5-to-7-years-181023005132,21 Days Ago
Data Analyst,Barbeque Nation,2-6 Yrs,45-80 Lacs PA,"Bangalore/ Bengaluru, Karnataka",Msbi StackSSASPower BiRequirement GatheringSSRSSQL ServerSSISStack,https://www.naukri.com/job-listings-data-analyst-barbeque-nation-hyderabad-secunderabad-telangana-3-to-7-years-161023003172,5 Days Ago
Data Analyst (Executive/ Sr. Executive),Bultaminds Venture,3-5 Yrs,Not disclosed,"Gurgaon/ Gurugram, Haryana",MiningOperations researchSASStaffingMarket researchFMCGMS OfficeOracle,https://www.naukri.com/job-listings-data-analyst-executive-sr-executive-bultaminds-venture-panaji-panjim-goa-5-to-8-years-290923000023,28 Days Ago
Insight Data Analyst - Lead : ( Tableau + Python + SQL) : 7+ Yrs,Hitechmind Solutions,5-8 Yrs,Not disclosed,Canada,Power BiSQLReport GenerationData AnalysisTableauAnalysisDataBi,https://www.naukri.com/job-listings-insight-data-analyst-lead-tableau-python-sql-7-yrs-hitechmind-solutions-noida-uttar-pradesh-new-delhi-delhi-delhi-ncr-7-to-12-years-280923007804,1 Day Ago
Data Analyst,Lorven Technologies,11-14 Yrs,20-30 Lacs PA,"Hybrid - Mohali, Punjab",Data analysisBusiness transformationUMLCognosData collectionPackagingVisioBusiness process modeling,https://www.naukri.com/job-listings-data-analyst-lorven-technologies-ladakh-jammu-kashmir-2-to-7-years-121023007674,15 Days Ago
Data Analyst,Access Partners,0-2 Yrs,Not disclosed,"Pune, Gurgaon/Gurugram, Bangalore/Bengaluru",Data Analystdataassistancedata analysis,https://www.naukri.com/job-listings-data-analyst-access-partners-saudi-arabia-2-to-4-years-061023008298,30+ Days Ago
Senior Data Analyst,Darsia,3-6 Yrs,Not disclosed,Hyderabad/Secunderabad,Accessoriesdeep learningOperations researchValue added servicesdata scienceMachine learningApplication developmentbig data,https://www.naukri.com/job-listings-senior-data-analyst-darsia-bangalore-bengaluru-karnataka-6-to-11-years-260923009068,10 Days Ago
Meta Search & Fare Data Analyst,Brightsun Travel,2-4 Yrs,"10,000/month",Gurgaon/Gurugram,Operations researchdata scienceMachine learningMathematicsScientist IIManagementbig dataAnalytics,https://www.naukri.com/job-listings-meta-search-fare-data-analyst-brightsun-travel-gurgaon-gurugram-haryana-1-to-5-years-290923007074,30+ Days Ago
Urgent Requirement Senior Data analyst,WV Outsourcing,3-8 Yrs,Not disclosed,Hyderabad/Secunderabad,Data ScienceRecommender SystemsContent OptimizationMachine LearningSystemScienceOptimizationContent,https://www.naukri.com/job-listings-urgent-requirement-senior-data-analyst-wv-outsourcing-canada-10-to-20-years-271023010822,30+ Days Ago
Data Analyst - MSBI,Calsoft,4-7 Yrs,Not disclosed,Remote,Data analysisSDSCodingMachine learningDebuggingData collectionData miningAnalytics,https://www.naukri.com/job-listings-data-analyst-msbi-calsoft-mohali-punjab-2-to-6-years-131023004889,Starts within 1 month
Data Analyst,Skillety,4-9 Yrs,Not disclosed,Bangalore/Bengaluru,Multivariate Time Series forecastingFeature engineering in time series analysisData SciencePythonDataAnalysisTime seriesTime series analysis,https://www.naukri.com/job-listings-data-analyst-skillety-pune-gurgaon-gurugram-bangalore-bengaluru-3-to-5-years-131222500136,2 Days Ago
Assoc Manager - Data Analyst,Pepsi Foods,3-6 Yrs,Not disclosed,Remote,pythondata sciencebig data analyticspredictive modelingData Scientistmachine learningbusiness intelligencesql,https://www.naukri.com/job-listings-assoc-manager-data-analyst-pepsi-foods-priv-limited-gurgaon-gurugram-11-to-14-years-150923500294,Just Now
ASSISTANT DATA ANALYST,Aditya Pharmacy,9-14 Yrs,Not disclosed,Bangalore/Bengaluru,Data ScienceGCPMachine LearningDataMlScienceMachine,https://www.naukri.com/job-listings-assistant-data-analyst-aditya-pharmacy-hyderabad-secunderabad-0-to-2-years-231221500803,2 Days Ago
Lead Data Analyst/Scientist Python Appzlogic,Appzlogic Mobility Solutions,2-10 Yrs,Not disclosed,Bangalore/Bengaluru,Data analysisNetworkingLead AssociateAnalyticalConsultingData miningBusiness intelligenceAnalytics,https://www.naukri.com/job-listings-lead-data-analyst-scientist-python-appzlogic-appzlogic-mobility-solutions-pvt-ltd-noida-6-to-8-years-140823500204,30+ Days Ago
Manager - Data Analyst,Siemens,5-10 Yrs,Not disclosed,Bangalore/Bengaluru,Data analysisSEZdata visualizationBusiness intelligenceInformation technologyMonitoringAnalyticsSQL,https://www.naukri.com/job-listings-manager-data-analyst-siemens-limited-bangalore-bengaluru-3-to-7-years-230823502155,17 Days Ago
Senior Data Analyst,One Muthoot,5-10 Yrs,Not disclosed,"Bangalore/ Bengaluru, Karnataka, Delhi / NCR",Data analysisAnalyticalData AnalystBusiness solutionsInformation technologyMonitoringSQLPython,https://www.naukri.com/job-listings-senior-data-analyst-one-muthoot-bangalore-bengaluru-3-to-5-years-130723500107,18 Days Ago
Data Analyst,Capco,3-8 Yrs,Not disclosed,Bangalore/Bengaluru,Data analysisAnalyticalData AnalystBusiness solutionsAnalyticsMonitoringSQLPython,https://www.naukri.com/job-listings-data-analyst-capco-technologies-pvt-ltd-bengaluru-bangalore-3-to-6-years-290121500002,21 Days Ago
Data Analyst - X Delivery,Boston Consulting Group,3-8 Yrs,Not disclosed,Bangalore/Bengaluru,Data analysisAutomationAnalyticalData processingData AnalystBusiness intelligenceAnalyticsMonitoring,https://www.naukri.com/job-listings-data-analyst-x-delivery-boston-consulting-group-bangalore-bengaluru-2-to-4-years-050823500633,23 Days Ago
Opening For Data Analyst/BI Developer @ Tech Mahindra,Tech Mahindra,3-8 Yrs,Not disclosed,Bangalore/Bengaluru,Data analysisManager Quality AssuranceProcess improvementAnalyticalData collectionStrategic planningData AnalystBusiness intelligence,https://www.naukri.com/job-listings-opening-for-data-analyst-bi-developer-tech-mahindra-tech-mahindra-hyderabad-secunderabad-telangana-chennai-tamil-nadu-bangalore-bengaluru-karnataka-5-to-9-years-121023008220,30+ Days Ago
SENIOR DATA ANALYST,Walmart,2-6 Yrs,Not disclosed,Bangalore/Bengaluru,Data analysisProcess improvementAnalyticalMachine learningPredictive modelingData qualityRegression analysisSQL,https://www.naukri.com/job-listings-senior-data-analyst-walmart-labs-bangalore-bengaluru-2-to-10-years-101023501711,30+ Days Ago
Data Analyst,PwC,3-7 Yrs,Not disclosed,Bangalore/Bengaluru,Data analysisNetworkingWeb developmentData qualityData miningBusiness solutionsAnalyticsMonitoring,https://www.naukri.com/job-listings-data-analyst-pwc-bangalore-bengaluru-karnataka-delhi-ncr-4-to-7-years-091023007712,30+ Days Ago
Data Analyst,Infosys,3-6 Yrs,Not disclosed,Bangalore/Bengaluru,AnalyticalOLAPManager Quality ControlQlikViewMacrosOperationsAnalyticsReporting tools,https://www.naukri.com/job-listings-data-analyst-infosys-limited-bangalore-bengaluru-7-to-9-years-061023908035,30+ Days Ago
Senior Data Analyst,Juniper Networks,2-6 Yrs,Not disclosed,Bangalore/Bengaluru,Performance tuningData analysisManager Quality AssuranceData modelingMachine learningBusiness intelligenceTroubleshootingSQL,https://www.naukri.com/job-listings-senior-data-analyst-juniper-networks-india-pvt-ltd-bangalore-bengaluru-6-to-11-years-041023501898,30+ Days Ago
Senior Data Analyst,Walmart,2-3 Yrs,Not disclosed,Bangalore/Bengaluru,OutboundData analysisData migrationAgiledata governanceJIRAData warehousingSalesforce CRM,https://www.naukri.com/job-listings-senior-data-analyst-walmart-labs-bangalore-bengaluru-5-to-10-years-040923501832,30+ Days Ago
Senior Data Analyst,Walmart,1-4 Yrs,Not disclosed,Bangalore/Bengaluru,Data analysisUsageDiagnosticsAnalyticalCorporateData qualityData AnalystManagement,https://www.naukri.com/job-listings-senior-data-analyst-walmart-labs-bangalore-bengaluru-5-to-10-years-040923501831,30+ Days Ago
Data Analyst III,Walmart,4-9 Yrs,Not disclosed,"Mumbai, Bangalore/Bengaluru",Data AnalysisETLData TransformationGCPData ModelingData WarehousingData AnalyticsPython,https://www.naukri.com/job-listings-data-analyst-iii-walmart-labs-bangalore-bengaluru-3-to-8-years-040923501830,30+ Days Ago
Data Analyst III,Walmart,4-9 Yrs,Not disclosed,Bangalore/Bengaluru,Advance ExcelPLSQLpythondata analysisadvanced exceldata handlingData AnalyticsSQL,https://www.naukri.com/job-listings-data-analyst-iii-walmart-labs-bangalore-bengaluru-3-to-8-years-040923501829,30+ Days Ago
Assistant Manager :: Data Analyst,Scaler Academy,8-10 Yrs,Not disclosed,Bangalore/Bengaluru,Data analysisAutomationWeb analyticsOnline marketingAnalyticalConsultingHypothesis TestingE-commerce,https://www.naukri.com/job-listings-assistant-manager-data-analyst-scaler-academy-bangalore-bengaluru-3-to-8-years-270723500631,21 Days Ago
Data Analyst - Hire To Retire,Siemens,2-4 Yrs,Not disclosed,Bangalore/Bengaluru,Data analysisInterpersonal skillsProcess improvementAnalyticalHealthcareData AnalystData analyticsData mining,https://www.naukri.com/job-listings-data-analyst-hire-to-retire-siemens-limited-bangalore-bengaluru-2-to-6-years-250823500071,30+ Days Ago
Data Analyst III,Walmart,2-4 Yrs,Not disclosed,"Hybrid - Pune, Maharashtra, Bangalore/ Bengaluru, Karnataka",Data analysisInterpersonal skillsProcess improvementAnalyticalHealthcareWorkflowData AnalystData analytics,https://www.naukri.com/job-listings-data-analyst-iii-walmart-labs-bangalore-bengaluru-3-to-7-years-310823500189,30 Days Ago
Senior Data Analyst,Tata Nexarc,5-7 Yrs,Not disclosed,Bangalore/Bengaluru,tableauNoSQLSenior AnalystAnalyticalpower biData AnalystMATLABAWS,https://www.naukri.com/job-listings-senior-data-analyst-tata-nexarc-mumbai-bangalore-bengaluru-3-to-6-years-281222501606,18 Days Ago
Data Analyst - Hire To Retire,Siemens,2-5 Yrs,Not disclosed,Bangalore/Bengaluru,MicrostrategySalesSales planningAnalyticalRegional salesData AnalystAccount managementData analytics,https://www.naukri.com/job-listings-data-analyst-hire-to-retire-siemens-limited-bangalore-bengaluru-2-to-6-years-250823500067,30+ Days Ago
Data Analyst,Schneider Electric,5-10 Yrs,Not disclosed,Bangalore/Bengaluru,PysparkPower BiTableauPythonSQLBig Data AnalyticsData AnalyticsData,https://www.naukri.com/job-listings-data-analyst-schneider-electric-india-pvt-ltd-bangalore-bengaluru-2-to-3-years-061023500616,30+ Days Ago
DATA ANALYST,Muthoot Finance,3-6 Yrs,Not disclosed,Bangalore/Bengaluru,Diversity and InclusionBankingSCALAAgileData AnalystAsset managementFinancial servicesCore banking,https://www.naukri.com/job-listings-data-analyst-muthoot-finance-ltd-bangalore-bengaluru-1-to-4-years-020223500678,30+ Days Ago
Urgent-Data Analyst-CMM Level 5 Client-Bangalore/Pune-Immediate joiner,Skyonn Technologies,3-8 Yrs,Not disclosed,Bangalore/Bengaluru,Computer scienceData analysisAnalyticalAgileData analyticsData AnalystOutsourcingDigital marketing,https://www.naukri.com/job-listings-urgent-data-analyst-cmm-level-5-client-bangalore-pune-immediate-joiner-skyonn-technologies-pune-maharashtra-bangalore-bengaluru-karnataka-4-to-9-years-270923009670,30+ Days Ago
Hiring Data Analyst ( PL/SQL) @ Bengaluru,Rlabs Enterprise Services,5-10 Yrs,Not disclosed,Bangalore/Bengaluru,MicrostrategySalesSales planningAnalyticalRegional salesAccount managementData analyticsAdvanced Excel,https://www.naukri.com/job-listings-hiring-data-analyst-pl-sql-bengaluru-rlabs-enterprise-services-bangalore-bengaluru-4-to-9-years-190623000920,30+ Days Ago
Lead Data Analyst - eCommerce & Growth,Quince Corporate Services,1-4 Yrs,Not disclosed,Hybrid - Hyderabad/Secunderabad,data cleansingReport generationmetadataManager Quality Assurancedata integrityData AnalystManagementTroubleshooting,https://www.naukri.com/job-listings-lead-data-analyst-ecommerce-growth-quince-bangalore-bengaluru-8-to-10-years-180923501901,2 Days Ago
Process and Data Analyst,Skan.ai,6-10 Yrs,Not disclosed,Bangalore/Bengaluru,SASSQLremediationData Qualitydata analyticsChennaiIssue managementBanking,https://www.naukri.com/job-listings-process-and-data-analyst-skan-ai-bangalore-bengaluru-2-to-4-years-160823500868,30+ Days Ago
Process and Data Analyst,Skan,4-6 Yrs,Not disclosed,Bangalore/Bengaluru,Computer sciencedata cleansingAnalytical skillsData analysisMS AccessSQL databaseConsultingSiemens,https://www.naukri.com/job-listings-process-and-data-analyst-skan-bangalore-bengaluru-2-to-4-years-160823500245,30+ Days Ago
Data Analyst -M&T,Accolite Software India Pvt Ltd,2-6 Yrs,Not disclosed,Bangalore/Bengaluru,RCAMachine learningData Analystmlmdatamachinedata analysis,https://www.naukri.com/job-listings-data-analyst-m-t-accolite-software-india-pvt-ltd-bangalore-bengaluru-5-to-7-years-020323500896,30+ Days Ago
"Supervisor, Sales & Data Analyst - India",Herbalife Nutrition,4-6 Yrs,Not disclosed,"Kolkata, Mumbai, New Delhi, Hyderabad/Secunderabad, Pune, Chennai, Bangalore/Bengaluru",Data analysisData managementBusiness intelligenceSSISSQLAzure SynapseAgilepower bi,https://www.naukri.com/job-listings-supervisor-sales-data-analyst-india-herbalife-nutrition-bangalore-bengaluru-2-to-5-years-270523501192,18 Days Ago
Data Analyst,Capco,2-4 Yrs,Not disclosed,Bangalore/Bengaluru,Computer scienceData validationsparkSMSData processingData AnalystTest casesSQL,https://www.naukri.com/job-listings-data-analyst-capco-technologies-pvt-ltd-bangalore-bengaluru-3-to-6-years-201222500625,30+ Days Ago
Data Analyst with Advanced Tableau,Technix India Solutions,1-6 Yrs,Not disclosed,Bangalore/Bengaluru,Health insuranceOperations researchAnalyticalMachine learningData analyticsData miningBusiness intelligenceRecruitment,https://www.naukri.com/job-listings-data-analyst-with-advanced-tableau-technix-india-p-limited-bangalore-bengaluru-3-to-8-years-190423500201,30+ Days Ago
"Supervisor, Sales & Data Analyst",Herbalife International,3-7 Yrs,Not disclosed,Gurgaon/Gurugram,Data analysisdata scienceCodingMachine learningSCALASPSSOperationsAnalytics,https://www.naukri.com/job-listings-supervisor-sales-data-analyst-herbalife-int-india-pvt-ltd-bangalore-bengaluru-5-to-10-years-160323501033,22 Days Ago
Data Analyst,Ford,2-4 Yrs,Not disclosed,Gurgaon/Gurugram,Data SciencepythonrHivenlpdata miningSparkSQLstatistical modeling,https://www.naukri.com/job-listings-data-analyst-ford-global-business-services-kolkata-mumbai-new-delhi-hyderabad-secunderabad-pune-chennai-bangalore-bengaluru-1-to-4-years-091023501547,30+ Days Ago
Senior Data Analyst- SAS & SQL,Citi,5-8 Yrs,Not disclosed,Gurgaon/Gurugram,Data SciencePython DevelopmentSQLDevelopmentDataPythonContractsManagement,https://www.naukri.com/job-listings-senior-data-analyst-sas-sql-citi-chennai-6-to-10-years-091023002967,30+ Days Ago
Data Analyst,Siemens,4-5 Yrs,Not disclosed,Gurgaon/Gurugram,PythonHiveHadoopMySQLdata scientistSparkGurobimachine learning,https://www.naukri.com/job-listings-data-analyst-siemens-limited-bangalore-bengaluru-4-to-6-years-060523500448,30+ Days Ago
ML + Data Analyst -M&T_SheCodes,Accolite Software India Pvt Ltd,0-2 Yrs,20-35 Lacs PA,Gurgaon/Gurugram,mathematicsstatisticsdeep learningnlpmachine learningDataMachineNatural language processing,https://www.naukri.com/job-listings-ml-data-analyst-m-t-shecodes-accolite-software-india-pvt-ltd-bangalore-bengaluru-2-to-6-years-020323500902,29 Days Ago
SQL & Azure Data Analyst,Capgemini,2-5 Yrs,Not disclosed,Bangalore/Bengaluru,Data analysisBiddingLinuxdata scienceShell scriptingMentorCalculusAnalysis,https://www.naukri.com/job-listings-sql-azure-data-analyst-capgemini-technology-services-india-limited-gurgaon-gurugram-4-to-6-years-260523910304,11 Days Ago
Data Analyst,Adidas,0-3 Yrs,15-20 Lacs PA,Remote,MiningHealth insuranceData analysisHP data protectorAnalyticalConsultingData analyticsBusiness strategy,https://www.naukri.com/job-listings-data-analyst-adidas-group-gurgaon-gurugram-6-to-11-years-240323500122,1 Day Ago
Data Analyst,Adidas,7-12 Yrs,Not disclosed,Gurgaon/Gurugram,Data ScienceSplunk Admindata analyticssplunk administrationAimllinuxSplunk DevelopmentData,https://www.naukri.com/job-listings-data-analyst-adidas-group-gurgaon-gurugram-2-to-4-years-170323501180,1 Day Ago
Project Manager/Business Analyst/Data Analyst,Pinnacleway-biz Solutions,1-4 Yrs,Not disclosed,"Hybrid - Bangalore/ Bengaluru, Karnataka",Manager Quality AssuranceExcelAerospaceMaritimedata governanceData analyticsMS WordPowerpoint,https://www.naukri.com/job-listings-project-manager-business-analyst-data-analyst-pinnacleway-biz-solutions-ahmedabad-gurgaon-gurugram-haryana-2-to-5-years-270923004146,30+ Days Ago
Senior Data Analyst,Luxoft,2-6 Yrs,Not disclosed,"Kolkata, Mumbai, New Delhi, Hyderabad/Secunderabad, Pune, Chennai, Bangalore/Bengaluru",Data analysisManager Quality AssuranceData managementdata securityMachine learningData qualityData miningSQL,https://www.naukri.com/job-listings-senior-data-analyst-luxoft-remote-4-to-7-years-231023501763,30+ Days Ago
Forensic Data Analyst - Senior Associate,Ankura,0-4 Yrs,Not disclosed,"Hybrid - Hyderabad/Secunderabad, Chennai, Bangalore/Bengaluru",IT servicesOnline researchSANBasicProject managementAnalyticalMarket researchWellness,https://www.naukri.com/job-listings-forensic-data-analyst-senior-associate-ankura-mumbai-3-to-7-years-231023501526,11 Days Ago
Sr Data Analyst,Target,5-6 Yrs,Not disclosed,Bangalore/Bengaluru,Product managementData dictionarytableauGoogle AnalyticsquerySchedulingJSONData Analyst,https://www.naukri.com/job-listings-sr-data-analyst-target-corporation-india-pvt-ltd-bangalore-bengaluru-5-to-8-years-171023500658,9 Days Ago
Data Analyst,Indium Software,4-8 Yrs,Not disclosed,Kolkata,SnowflakeAdvance SqlTableauData WarehousingsqlJSONSeniorWarehouse,https://www.naukri.com/job-listings-data-analyst-indium-software-india-limited-bangalore-bengaluru-4-to-9-years-201023500575,30+ Days Ago
Data Analyst,Ifood Web Media Technology,4-9 Yrs,Not disclosed,Bangalore/Bengaluru,PysparkGCPAnalysisAnalyticsPythonData ManipulationStatistical AnalysesData,https://www.naukri.com/job-listings-data-analyst-ifood-web-media-technology-hyderabad-secunderabad-chennai-bangalore-bengaluru-4-to-7-years-200923004847,11 Days Ago
Data Analyst - Transport operations,Lithium Urban Technologies,2-7 Yrs,5-15 Lacs PA,"Kolkata, Mumbai, New Delhi, Hyderabad/Secunderabad, Pune, Chennai, Bangalore/Bengaluru",Vba CodingPower BiSQL QueriesTableauQueryDataVBACoding,https://www.naukri.com/job-listings-data-analyst-transport-operations-lithium-urban-technologies-bangalore-bengaluru-delhi-ncr-mumbai-all-areas-2-to-5-years-191023008816,14 Days Ago
Sr Data Analyst,Coders Brain Pvt Ltd,0-5 Yrs,Not disclosed,Rajkot,Microsoft ExcelTableauSQLPythonMicrosoftData analysisExcelData,https://www.naukri.com/job-listings-sr-data-analyst-coders-brain-pvt-ltd-bangalore-bengaluru-2-to-6-years-181023501833,30+ Days Ago
Lead Data Analyst,Saltmine,0-3 Yrs,5-7.5 Lacs PA,"Hybrid - Chennai, Tamil Nadu, Tiruchirapalli/ Trichy, Tamil Nadu, Coimbatore, Tamil Nadu",Data analysisdata manipulationAnalyticalData collectionData Research AnalystManager Quality ControlSQLPython,https://www.naukri.com/job-listings-lead-data-analyst-saltmine-bangalore-bengaluru-4-to-7-years-171023500298,2 Days Ago
Data Analyst - Consumer Spend Research,Web Spiders,1-3 Yrs,Unpaid,"Hybrid - Mumbai, Maharashtra, Nagpur, Maharashtra, Pune, Maharashtra",data scienceData AnalystStatisticsSQLPythonDataData analysisScience,https://www.naukri.com/job-listings-data-analyst-consumer-spend-research-webspiders-interweb-pvt-ltd-kolkata-0-to-4-years-170223504693,3 Days Ago
Data Analyst- Bangalore,Alice Blue Financial Services Pvt Ltd,1-4 Yrs,2.5-7.5 Lacs PA,"Udaipur, Rajasthan",ChatGPTMarketing MixAWSPythonSQLGenerative AIArtificial IntelligencePandas,https://www.naukri.com/job-listings-data-analyst-bangalore-alice-blue-financial-services-pvt-ltd-bangalore-bengaluru-3-to-5-years-161023003481,4 Days Ago
Data Analyst,Batchservice,4-9 Yrs,Not disclosed,Mohali,Data SciencePredictive ModelingDigital MediaData AnalysisStatistical ModelingData AnalystAnalyticsPython,https://www.naukri.com/job-listings-data-analyst-batchservice-kolkata-mumbai-new-delhi-hyderabad-secunderabad-pune-chennai-bangalore-bengaluru-5-to-6-years-131023501441,Starts in 1-3 months
Data Analysts / HTML Editor,Ace Soft Export,5-10 Yrs,Not disclosed,"Hybrid - Hyderabad/ Secunderabad, Telangana(Madhapur)",Data AnalysisAnalytical SkillsData ManagementSystem AnalysisdmeData ReportingBusiness AnalysisData,https://www.naukri.com/job-listings-data-analysts-html-editor-ace-soft-export-rajkot-0-to-4-years-280723503843,17 Days Ago
Senior Snowflake Data Analyst,Giggso India Pvt Ltd,3-7 Yrs,Not disclosed,Chennai,Data analysisData modelingHealthcareData AnalystStored proceduresHigh level designBusiness intelligenceData warehousing,https://www.naukri.com/job-listings-senior-snowflake-data-analyst-giggso-india-pvt-ltd-chennai-tamil-nadu-tiruchirapalli-trichy-tamil-nadu-coimbatore-tamil-nadu-4-to-8-years-251023004839,30+ Days Ago
Data Analyst,EXL,5-10 Yrs,Not disclosed,Bangalore/Bengaluru,VBAPower Bi.NetSQLpowerautomateFrameworkPythonPowerapps,https://www.naukri.com/job-listings-data-analyst-exl-mumbai-maharashtra-nagpur-maharashtra-pune-maharashtra-4-to-9-years-241023003716,30+ Days Ago
Data Analyst,Fusion Business Solutions,1-4 Yrs,Unpaid,"Hyderabad/Secunderabad, Bangalore/Bengaluru(Dodda Nekkundi), Delhi / NCR",Health insuranceSurgicalManager Quality AssuranceProduct innovationProject managementSAASConsumer insightsData Analyst,https://www.naukri.com/job-listings-data-analyst-fusion-business-solutions-udaipur-rajasthan-2-to-7-years-231023002860,23 Days Ago
Associate Data Analyst,Xenonstack,6-11 Yrs,6-9 Lacs PA,Bangalore/Bengaluru,Google AnalyticsJavascriptGoogle Tag ManagerGA4APIPythonTaggingAnalytics,https://www.naukri.com/job-listings-associate-data-analyst-xenonstack-private-ltd-mohali-0-to-1-years-160823500003,30+ Days Ago
Data Analyst,Swinfy Solutions,8-13 Yrs,Not disclosed,"Mumbai, Vasai",Predictive ModelingData ScienceDigital MediaData AnalysisStatistical ModelingData AnalystAnalyticsPython,https://www.naukri.com/job-listings-data-analyst-swinfy-solutions-hyderabad-secunderabad-telangana-0-to-5-years-101023011795,Starts in 1-3 months
Data Analyst,Bright Capital,2-5 Yrs,Not disclosed,"Mumbai, Bangalore/Bengaluru, Trivandrum/Thiruvananthapuram",Data analysisManager Quality AssuranceDatabase designAnalyticalData qualityData AnalystContinuous improvementSQL,https://www.naukri.com/job-listings-data-analyst-bright-money-bangalore-bengaluru-1-to-3-years-070823500218,9 Days Ago
"Data Analyst , Product",Mediamath,3-7 Yrs,Not disclosed,Bangalore/Bengaluru,Data managementAnalyticalSchemaData processingData qualityAgile methodologydata mappingJIRA,https://www.naukri.com/job-listings-data-analyst-product-mediamath-bangalore-bengaluru-4-to-9-years-030821500756,10 Days Ago
DIGITAL DATA ANALYST INTERN,DG7 Solutions,2-6 Yrs,Not disclosed,Hybrid - Bangalore/Bengaluru,Business processPerformance tuningAutomationData analysisSAPData managementInformaticaVisio,https://www.naukri.com/job-listings-digital-data-analyst-intern-dg7-mumbai-vasai-0-to-1-years-021219500094,10 Days Ago
Data Analyst Manager - Ghaz -,The Global Zone,0-4 Yrs,Not disclosed,Bangalore/Bengaluru,BPORDBMSStaffingMySQLConsultingAS400RPGITES,https://www.naukri.com/job-listings-data-analyst-manager-ghaz-the-global-zone-delhi-ncr-5-to-10-years-251023003220,30+ Days Ago
Senior Data Analyst,Quantiphi Analytics Solutions,4-6 Yrs,Not disclosed,Coimbatore,Data analysisData validationManager Quality AssuranceProduction supportFlexData qualityBusiness intelligenceOperations,https://www.naukri.com/job-listings-senior-data-analyst-quantiphi-analytics-solutions-pvt-ltd-mumbai-bangalore-bengaluru-trivandrum-thiruvananthapuram-3-to-7-years-181023502082,30+ Days Ago
Data Analyst,Kloud Connect Tech,6-10 Yrs,Not disclosed,New Delhi,Data analysisData validationManager Quality AssuranceProduction supportData qualityBusiness intelligenceDigital marketingOperations,https://www.naukri.com/job-listings-data-analyst-kloud-connect-tech-bangalore-bengaluru-5-to-10-years-181023004406,2 Days Ago
Data Analyst,Ai Palatte,0-3 Yrs,Not disclosed,Pune,Analytical skillsMarket studyData analysisGoogle AnalyticsCodingDatabaseWebtrendsData Analyst,https://www.naukri.com/job-listings-data-analyst-ai-palatte-bangalore-bengaluru-1-to-4-years-171023500902,2 Days Ago
Lead Data Analyst,Cimpress,0-1 Yrs,Not disclosed,Pune,ReinsuranceData validationSASUnderwritingAnalyticalReconciliationActuarialRisk management,https://www.naukri.com/job-listings-lead-data-analyst-cimpress-bangalore-bengaluru-6-to-11-years-090923000205,2 Days Ago
Lead Data Analyst,Mediamath,0-1 Yrs,Not disclosed,Pune,Data AnalystData entryData analysisData,https://www.naukri.com/job-listings-lead-data-analyst-mediamath-bangalore-bengaluru-8-to-13-years-030821500757,2 Days Ago
Data Analyst,Teplar Solutions,5-8 Yrs,Not disclosed,Pune,Analytical skillsdeep learningAnalystPublishingArchitecturedata scienceArtificial Intelligencedata visualization,https://www.naukri.com/job-listings-data-analyst-teplar-solutions-coimbatore-0-to-4-years-310320500022,30+ Days Ago
Data Analyst,Baazi Games,3-8 Yrs,Not disclosed,Pune,DataData CollectionData AnalysisData AnlalyticsData ManagementData CleansingStatisticsMachine Learning,https://www.naukri.com/job-listings-data-analyst-baazi-games-new-delhi-2-to-5-years-251023500669,4 Days Ago
Senior Data Analyst,Clairvoyant India Pvt. Ltd,4-8 Yrs,Not disclosed,Pune,SASData MiningData AnalyticsPythonSQLDataData analysisAnalytics,https://www.naukri.com/job-listings-senior-data-analyst-clairvoyant-india-pvt-ltd-pune-4-to-6-years-251023500389,4 Days Ago
GCP Data Analyst,Clairvoyant India Pvt. Ltd,0-2 Yrs,Not disclosed,Pune,Communication SkillsStrategic ThinkingProblem SolvingData AnalysisScienceData CollectionData AnalyticsStatistics,https://www.naukri.com/job-listings-gcp-data-analyst-clairvoyant-india-pvt-ltd-pune-3-to-7-years-251023500382,30+ Days Ago
Data Analyst,Clairvoyant India Pvt. Ltd,3-8 Yrs,Not disclosed,Mumbai,data scienceStaffingProgrammingData AnalystForecastingStatisticsTestingSQL,https://www.naukri.com/job-listings-data-analyst-clairvoyant-india-pvt-ltd-pune-2-to-6-years-251023500372,30+ Days Ago
Sr . Data Analyst ( Power BI developer ),Highrise solutions,0-2 Yrs,Not disclosed,Chennai,Operations AnalystData managementCodingData collectionTest casesContinuous improvementInformation technologySQL,https://www.naukri.com/job-listings-sr-data-analyst-power-bi-developer-highrise-solutions-pune-0-to-4-years-240723500413,30+ Days Ago
"Sr. Associate BI and Data Analyst (Tableau, SQL)",Workday Inc,0-2 Yrs,Not disclosed,"Kolkata, Mumbai, New Delhi, Hyderabad/Secunderabad, Pune, Chennai, Bangalore/Bengaluru",TrainingAdobe AcrobatPDFXMLEpubHTMLEditorTesting,https://www.naukri.com/job-listings-sr-associate-bi-and-data-analyst-tableau-sql-workday-pune-4-to-6-years-231023500276,30+ Days Ago
"BI and Data Analyst (Tableau, SQL)",Workday Inc,0-4 Yrs,Not disclosed,"Bellary/ Ballari, Karnataka, Bangalore/Bengaluru, Belagavi/ Belgaum, Karnataka",SQL databaseDatabase managementDebuggingqueryProgrammingpower biData AnalystData warehousing,https://www.naukri.com/job-listings-bi-and-data-analyst-tableau-sql-workday-pune-6-to-10-years-231023500275,26 Days Ago
Data Analyst,Primohunt Corporate,0-2 Yrs,Not disclosed,New Delhi,GraphicsExcelData managementData AnalystStatisticsmanagementdatadata analysis,https://www.naukri.com/job-listings-data-analyst-primohunt-corporate-pune-0-to-3-years-110722502690,2 Days Ago
Consultant - Data Analyst,RGA,4-7 Yrs,Not disclosed,"New Delhi, Gurgaon/Gurugram",Reference DataAlteryxTableauFixed IncomeSQLData ModelingDataData analysis,https://www.naukri.com/job-listings-consultant-data-analyst-rga-mumbai-0-to-1-years-101122501274,30+ Days Ago
Data Analyst,Pharmahopers,0-2 Yrs,Not disclosed,Bangalore/Bengaluru,Root cause analysisCorporate governanceMaster data managementBusiness researchAnalyticalDiversity and InclusionData collectionISS,https://www.naukri.com/job-listings-data-analyst-pharmahopers-pvt-ltd-chennai-0-to-1-years-070823501153,30+ Days Ago
Data Analyst I Leading IT Co. I Bangalore,Hindco Recruitment Consultants,0-2 Yrs,Not disclosed,Rajkot,Data managementAnalyticalFinanceManager TechnologyQuantitative analysisData analysisQuantitativeTechnology,https://www.naukri.com/job-listings-data-analyst-i-leading-it-co-i-bangalore-hindco-recruitment-consultants-bellary-ballari-karnataka-bangalore-bengaluru-belagavi-belgaum-karnataka-3-to-8-years-021023001703,30+ Days Ago
Data Analyst - SAS + Python/SQL,SmartlyHR ( a unit of Keyquest Technologies Pvt Ltd ),0-3 Yrs,Not disclosed,Chandigarh,AnalystTranslationQuality testingBusiness FinanceRelationshipManager TechnologyData qualityRepresentative,https://www.naukri.com/job-listings-data-analyst-sas-python-sql-smartlyhr-a-unit-of-keyquest-technologies-pvt-ltd-new-delhi-4-to-8-years-251023904760,30+ Days Ago
Data Analyst,Skillety,5-10 Yrs,Not disclosed,"Hybrid - Gurgaon/Gurugram, Bangalore/Bengaluru",Data ScienceData AnalysisData MiningData ExtractionData CleansingMachine LearningDeep LearningData,https://www.naukri.com/job-listings-data-analyst-skillety-bangalore-bengaluru-3-to-8-years-131222500134,23 Days Ago
Data Analyst,Improx Data And Cloud Consulting,8-13 Yrs,Not disclosed,Mumbai,Pandasdata scientistMachine LearningMATLABPythonData ScienceArtificial IntelligenceDeep Learning,https://www.naukri.com/job-listings-data-analyst-improx-data-and-cloud-consulting-pvt-ltd-pune-0-to-2-years-311022501968,30+ Days Ago
Data Analysts / HTML Editor,I-tech Infonet,2-7 Yrs,Not disclosed,Pune,data sciencePredictive ModelingLogistic RegressiondataMachine LearningLogisticsSciencePredictive,https://www.naukri.com/job-listings-data-analysts-html-editor-i-tech-infonet-pvt-ltd-rajkot-0-to-2-years-260922500760,30+ Days Ago
Data Analyst,Ipro India,3-4 Yrs,Not disclosed,Pune,Cloud StorageData ScienceVertexGCPBigqueryNLPIAMArtificial Intelligence,https://www.naukri.com/job-listings-data-analyst-ipro-india-private-limited-chandigarh-0-to-4-years-100223501804,30+ Days Ago
Data Analyst,Recruitrix Technologies,3-8 Yrs,Not disclosed,Pune,Text miningTelecomPharmaAnalyticalclinical developmentNatural language processingInformation researchBusiness intelligence,https://www.naukri.com/job-listings-data-analyst-recruitrix-technologies-llp-hyderabad-secunderabad-0-to-2-years-091122500313,30+ Days Ago
Data Analyst - Reference Data,Moody's Corporation,3-7 Yrs,15-20 Lacs PA,Chennai,data scienceUnderwritingFinanceMachine learningAgileManager TechnologyActuarialNatural language processing,https://www.naukri.com/job-listings-data-analyst-reference-data-moody-s-corporation-gurgaon-gurugram-bangalore-bengaluru-4-to-7-years-051023007509,8 Days Ago
Junior Data Analyst (PGDM Finance Freshers),Institutional Shareholder Services,3-6 Yrs,12-20 Lacs PA,"Pune, Maharashtra, Trivandrum/ Thiruvananthapuram, Kerala",Data analysisGITCodingMachine learningPredictive modelingdata visualizationAnalyticsMonitoring,https://www.naukri.com/job-listings-junior-data-analyst-pgdm-finance-freshers-institutional-shareholder-services-inc-mumbai-0-to-2-years-140923502180,27 Days Ago
"Data analyst / Data scientist, AVP",Deutsche Bank,1-4 Yrs,Not disclosed,Gurgaon/Gurugram,AutomationData validationAnalyticalActuarialData qualityMS OfficeData miningMATLAB,https://www.naukri.com/job-listings-data-analyst-data-scientist-avp-deutsche-bank-bangalore-bengaluru-6-to-11-years-130622501053,28 Days Ago
Data Analyst,Dsquare Staffing Management Solutions,3-5 Yrs,3-4.75 Lacs PA,"Gurgaon/Gurugram, Ahmedabad",Data analysisData collectionAgileData AnalystData miningCustomer engagementAnalyticsSQL,https://www.naukri.com/job-listings-data-analyst-dsquare-staffing-management-solutions-greater-noida-uttar-pradesh-0-to-2-years-260923004402,30+ Days Ago
Data Analyst,Wakefit Innovations,4-9 Yrs,Not disclosed,"Hybrid - Noida, Uttar Pradesh, Gurgaon/ Gurugram, Haryana, Delhi / NCR",MicrostrategyPower BiTableauData WarehousingSQLDataWarehouseData analysis,https://www.naukri.com/job-listings-data-analyst-wakefit-innovations-private-limited-bangalore-bengaluru-1-to-4-years-170921500666,30+ Days Ago
Data Analyst,Coders Brain Pvt Ltd,1-3 Yrs,Not disclosed,"Pune, Maharashtra, Bangalore/ Bengaluru, Karnataka",Data AnalysisAdvanced ExcelSQLDataExcelAnalysis,https://www.naukri.com/job-listings-data-analyst-coders-brain-pvt-ltd-gurgaon-gurugram-1-to-6-years-121023500756,30+ Days Ago
Senior/Lead Data Analyst,Decision Tree Analytics And Services Private Limit,7-10 Yrs,Not disclosed,Gurgaon/Gurugram,TableauAws GlueSQLPythonDataGlueData analysisAWS,https://www.naukri.com/job-listings-senior-lead-data-analyst-decision-tree-analytics-and-services-private-limit-gurgaon-gurugram-5-to-9-years-290923007961,30+ Days Ago
Data Analyst,Cvent,3-8 Yrs,Not disclosed,Gurgaon/Gurugram,ProcurementSupply chainTelecomData analysisERPForecastingMacrosAnalytics,https://www.naukri.com/job-listings-data-analyst-doubledutch-gurgaon-gurugram-3-to-7-years-220422500854,30+ Days Ago
Senior Data Analyst,Novo,3-8 Yrs,Not disclosed,Gurgaon/Gurugram,TelecomData analysisERPRisk assessmentFMCGForecastingMacrosAnalytics,https://www.naukri.com/job-listings-senior-data-analyst-novo-gurgaon-gurugram-ahmedabad-2-to-6-years-210223502556,30+ Days Ago
Data Analyst,Tenet Offshore Services,1-4 Yrs,4-5.5 Lacs PA,Bangalore/Bengaluru,AutomationData analysiscustomer analyticsGoogle AnalyticsMachine learningData AnalystMerchandisingSQL,https://www.naukri.com/job-listings-data-analyst-tenet-offshore-services-noida-uttar-pradesh-gurgaon-gurugram-haryana-delhi-ncr-2-to-5-years-270923005278,30+ Days Ago
Urgent Opening For Data Analyst- Pune/Bangalore,Xpressbees,3-5 Yrs,Not disclosed,"Hybrid - Chennai, Coimbatore, Bangalore/Bengaluru",IT servicesAnalyticalRisk assessmentCustomer serviceStakeholder managementMacrosOperationsClient management,https://www.naukri.com/job-listings-urgent-opening-for-data-analyst-pune-bangalore-xpressbees-pune-maharashtra-bangalore-bengaluru-karnataka-1-to-6-years-260923006673,24 Days Ago
Data Analyst,RIGHT STEP CONSULTING PRIVATE LIMITED,4-6 Yrs,Not disclosed,"Gurgaon/ Gurugram, Haryana",SAPBusiness Data AnalysisMISBudgetingSales AnalysisAdministrative SupportExcelAnalytical Skills,https://www.naukri.com/job-listings-data-analyst-right-step-consulting-private-limited-gurgaon-gurugram-1-to-4-years-231019500754,16 Days Ago
Sr. Data Analyst,Weather Risk Management Services,0-2 Yrs,Not disclosed,"Gurgaon/ Gurugram, Haryana",Data ExtractionData reportingPythonlooker studioTableau ReportingData Processingdata visualizationData,https://www.naukri.com/job-listings-sr-data-analyst-weather-risk-management-services-ltd-gurgaon-gurugram-1-to-4-years-211222500086,22 Days Ago
Sr. Data Analyst,Gforce Consulting Solutions,1-3 Yrs,Not disclosed,Gurgaon/Gurugram,MDMEBXOperationsDataData analysis,https://www.naukri.com/job-listings-sr-data-analyst-gforce-consulting-solutions-gurgaon-gurugram-3-to-7-years-170523501150,30+ Days Ago
Data Analyst,Truecaller,1-4 Yrs,Not disclosed,Gurgaon/Gurugram,Database designXMLAnalyticalJavascriptHealthcareBusiness intelligencemicrosoftData mining,https://www.naukri.com/job-listings-data-analyst-true-caller-bangalore-bengaluru-3-to-5-years-120923501635,30+ Days Ago
Data Analyst | Altimetrik | Chennai,Altimetrik,3-5 Yrs,7.5-10 Lacs PA,Gurgaon/Gurugram,Project implementationEmployee engagementpower biCustomer serviceAnalyticsPerformance improvementSQLData extraction,https://www.naukri.com/job-listings-data-analyst-altimetrik-chennai-altimetrik-chennai-coimbatore-bangalore-bengaluru-4-to-9-years-041023006332,30+ Days Ago
Data Analyst,Eshopbox Ecommerce,2-5 Yrs,1.5-2.25 Lacs PA,Gurgaon/Gurugram,IT servicesData analysisSASSocial mediaSSRSSSISBusiness intelligenceAdobe,https://www.naukri.com/job-listings-data-analyst-eshopbox-ecommerce-gurgaon-gurugram-haryana-1-to-3-years-121023004867,30+ Days Ago
Data Analyst,Apps Associates,1-3 Yrs,4-6 Lacs PA,"Gurgaon/ Gurugram, Haryana",Data analysisQuality standardsdata reportingConsultingCloudData processingData Analystanalysis,https://www.naukri.com/job-listings-data-analyst-apps-associates-gurgaon-gurugram-haryana-7-to-10-years-051023010190,17 Days Ago
Data Analyst / Senior Data Analyst,Statxo,3-8 Yrs,Not disclosed,Mumbai (All Areas),Data AnalysisData AnlalyticsData VisualizationData AnalyticsSQLPythonAnalysisAnalytics,https://www.naukri.com/job-listings-data-analyst-senior-data-analyst-statxo-gurgaon-gurugram-3-to-8-years-140322500813,16 Days Ago
Procurement Analyst / Spend Data Analyst,Statxo,9-14 Yrs,Not disclosed,"Gurgaon/ Gurugram, Haryana",Power Bi ReportsCost Reduction ProjectsBOM analysisSAP BOProcurementProduct CostingData Visualizationcost reporting,https://www.naukri.com/job-listings-procurement-analyst-spend-data-analyst-statxo-gurgaon-gurugram-3-to-8-years-140322500812,23 Days Ago
Data Analyst,Talent Socio,1-5 Yrs,Not disclosed,Bangalore/Bengaluru,Data Analystprofessionaldatadata analysis,https://www.naukri.com/job-listings-data-analyst-talent-socio-gurgaon-gurugram-1-to-4-years-130423501948,30+ Days Ago
Data Analyst,Data Economy,3-6 Yrs,Not disclosed,Gurgaon/Gurugram,Data Analystprofessionaldatadata analysis,https://www.naukri.com/job-listings-data-analyst-dataeconomy-gurgaon-gurugram-3-to-5-years-120823500038,30 Days Ago
Data Analyst,Valvoline Cummins,1-4 Yrs,Not disclosed,Mohali,BPOManager Quality AssuranceSocial mediaMachine learningAgileData AnalystCustomer serviceResearch,https://www.naukri.com/job-listings-data-analyst-valvoline-cummins-gurgaon-gurugram-haryana-4-to-6-years-101023008436,30+ Days Ago
Data Analyst,Peopleplease Consulting,2-4 Yrs,Not disclosed,Gurgaon/Gurugram,AdministrationReinsuranceInterpersonal skillsHP data protectorData managementClient servicingAgiledata privacy,https://www.naukri.com/job-listings-data-analyst-peopleplease-consulting-mumbai-all-areas-0-to-2-years-080823004463,30+ Days Ago
Data Analyst,Axa Xl,5-10 Yrs,Not disclosed,Remote,BPOExcelCodingTechnical writingAnalyticalSenior Data AnalystInformaticaData warehousing,https://www.naukri.com/job-listings-data-analyst-axa-xl-gurgaon-gurugram-haryana-1-to-3-years-041023009358,11 Days Ago
Data Analyst,Nineleaps,2-5 Yrs,Not disclosed,"Mormugao, Goa",IT servicesData analysisSASSSRSSSISBusiness intelligenceAdobeAnalytics,https://www.naukri.com/job-listings-data-analyst-nineleaps-bangalore-bengaluru-1-to-4-years-290622500426,11 Days Ago
Senior Executive - Data Analyst,Ecom Express,3-5 Yrs,Not disclosed,Gurgaon/Gurugram,Data analysisAnalyticalFinanceRetail financeSAS RData AnalystBusiness strategyStatistics,https://www.naukri.com/job-listings-senior-executive-data-analyst-ecom-express-private-limited-gurgaon-gurugram-3-to-5-years-270923500238,30+ Days Ago
Business / Data Analyst Analytics,Grazitti Interactive,4-6 Yrs,Not disclosed,Gurgaon/Gurugram,SQL queriesData analysisExcelVBAAnalyticalFinanceManager TechnologyData Analyst,https://www.naukri.com/job-listings-business-data-analyst-analytics-grazitti-interactive-mohali-2-to-5-years-270723502877,30+ Days Ago
Data Analyst,Cvent,3-8 Yrs,Not disclosed,"Kolkata, Mumbai, New Delhi, Hyderabad/Secunderabad, Pune, Chennai, Bangalore/Bengaluru",Social Media AnalysisData AnalyticsContent StrategyContentData analysisAnalysisMediaAnalytics,https://www.naukri.com/job-listings-data-analyst-doubledutch-gurgaon-gurugram-1-to-3-years-210222501777,30+ Days Ago
Urgent Opening For Data Analyst (Zeno Health),Zeno health,2-5 Yrs,Not disclosed,Bangalore/Bengaluru,Data analysisCodingDatabase designReport writingData Analystdata visualizationData miningSQL,https://www.naukri.com/job-listings-urgent-opening-for-data-analyst-zeno-health-zeno-health-mumbai-maharashtra-3-to-8-years-171023006021,22 Days Ago
Supply Chain Data Analyst,Commscope,2-5 Yrs,Not disclosed,"Noida, Gurgaon/Gurugram",HospitalityDatabase marketingquery optimizationData managementEvent managementManager Program ManagementCloudManagement,https://www.naukri.com/job-listings-supply-chain-data-analyst-commscope-mormugao-goa-9-to-14-years-171023004297,30+ Days Ago
Data Analyst,Diverse Lynx,1-3 Yrs,Not disclosed,Mohali,Product managementAnalytical skillsExcelProcess improvementData collectionData qualityData AnalystPython,https://www.naukri.com/job-listings-data-analyst-diverse-lynx-gurgaon-gurugram-1-to-5-years-100523502938,30+ Days Ago
Data Analyst,Diverse Lynx,3-7 Yrs,1.5-5.5 Lacs PA,Gurgaon/Gurugram,Private EquityExpense AnalysisFundData AnalysisCost AnalysisExcelAddeparInvestorforce,https://www.naukri.com/job-listings-data-analyst-diverse-lynx-gurgaon-gurugram-3-to-6-years-100523502925,30+ Days Ago
Online Data Analyst India,TELUS International,0-0 Yrs,Not disclosed,Gurgaon/Gurugram,Human Resource Managementexceldata managementrecruitmentData AnalysisDataResource managementResource,https://www.naukri.com/job-listings-online-data-analyst-india-telus-international-kolkata-mumbai-new-delhi-hyderabad-secunderabad-pune-chennai-bangalore-bengaluru-1-to-4-years-080723500594,30+ Days Ago
Sr. Data Analyst,Assimilate Solutions,5-10 Yrs,Not disclosed,Gurgaon/Gurugram,Data analysisMISMachine learningData qualityNatural language processingdata visualizationOperationsAnalytics,https://www.naukri.com/job-listings-sr-data-analyst-assimilate-solutions-noida-gurgaon-gurugram-5-to-10-years-040122500030,30+ Days Ago
Business / Data Analyst Analytics,Grazitti Interactive,5-10 Yrs,Not disclosed,Gurgaon/Gurugram,Data ScienceML EngineerGCPData AnalyticsMachine LearningSQLPythonMl,https://www.naukri.com/job-listings-business-data-analyst-analytics-grazitti-interactive-mohali-2-to-5-years-290422501813,30+ Days Ago
Data Analyst,Bonzer Business Solutions(BBS),4-9 Yrs,2-3 Lacs PA,Gurgaon/Gurugram,Text miningDelivery managementData analysisBusiness analyticsAnalyticalMachine learningNatural language processingData analytics,https://www.naukri.com/job-listings-data-analyst-bonzer-business-solutions-pvt-ltd-gurgaon-gurugram-3-to-5-years-261222503520,30+ Days Ago
Data Analyst,Coders Brain Pvt Ltd,2-8 Yrs,Not disclosed,"Hybrid - Pune, Maharashtra, Bangalore/ Bengaluru, Karnataka",Analytical skillsNoSQLExecutivedata scienceProgrammingData analyticsBusiness intelligenceSQL,https://www.naukri.com/job-listings-data-analyst-coders-brain-pvt-ltd-gurgaon-gurugram-4-to-6-years-250823502698,1 Day Ago
Social Media Analyst/Data Analyst,Evolutionco,3-7 Yrs,Not disclosed,Bangalore/Bengaluru,customer analyticsSocial mediaAgileCustomer serviceData miningAnalyticsSQLPython,https://www.naukri.com/job-listings-social-media-analyst-data-analyst-evolutionco-mumbai-suburban-maharashtra-mumbai-all-areas-3-to-8-years-191023005797,7 Days Ago
Data Analyst,TN Business Services,4-9 Yrs,12-22 Lacs PA,"Mumbai, Navi Mumbai",ArchitectureMachine LearningPythonsPython DevelopmentPythonPython Web FrameworkPython FrameworkPython Data Analytics,https://www.naukri.com/job-listings-data-analyst-tn-business-services-private-limited-gurgaon-gurugram-2-to-5-years-091122500524,10 Days Ago
Data Analyst,Sahibandhu,6-11 Yrs,Not disclosed,Mumbai (All Areas),Computer sciencedeep learningStatistical analysisdata scienceMachine learningData analyticsData miningMATLAB,https://www.naukri.com/job-listings-data-analyst-sahibandhu-gurgaon-gurugram-1-to-3-years-060423500709,15 Days Ago
Be/MBA Freshers - Data Analyst (HR/Others) - Remote Working,Spire Technologies And Solutions,4-5 Yrs,Unpaid,Mumbai,tableaudata scienceData analyticsdata visualizationResearchBusiness intelligenceAdvertisingForecasting,https://www.naukri.com/job-listings-be-mba-freshers-data-analyst-hr-others-remote-working-spire-technologies-and-solutions-bangalore-bengaluru-0-to-0-years-201023009595,30+ Days Ago
Associate Product Data Analyst,Remote Symphony,3-5 Yrs,Not disclosed,Mumbai (All Areas),Rational roseData modelingData structuresHealthcareJSONInformaticaOpen sourceAnalytics,https://www.naukri.com/job-listings-associate-product-data-analyst-remote-symphony-remote-5-to-10-years-230823500156,30+ Days Ago
Senior Data Analyst,Morningstar,1-3 Yrs,Not disclosed,Pune,hiveUsageArchitectureGCPCompetency developmentAgile methodologyData AnalystManagement,https://www.naukri.com/job-listings-senior-data-analyst-morningstar-india-p-ltd-mumbai-2-to-5-years-150623501384,8 Days Ago
Senior Data Analyst,Airtel,5-7 Yrs,10-20 Lacs PA,Hyderabad/Secunderabad,Supply chainData analysisOperations researchSimulationAnalyticalAgileData miningEconometrics,https://www.naukri.com/job-listings-senior-data-analyst-airtel-pune-maharashtra-3-to-5-years-081023002224,15 Days Ago
Data Analyst,SVKM's Narsee Monjee Institute of Management Studies - NMIMS,2-4 Yrs,4.25-9.25 Lacs PA,"Hybrid - Mohali, Punjab, Chandigarh, Chandigarh, Panchkula, Haryana",Data AnalysisGCPArtificial IntelligenceGoogle Cloud PlatformBigdataAIMachine LearningDevops,https://www.naukri.com/job-listings-data-analyst-svkm-s-narsee-monjee-institute-of-management-studies-nmims-mumbai-3-to-5-years-291221501236,15 Days Ago
Data Analyst-Mumbai,Teamlease Digital,2-5 Yrs,Not disclosed,"Hybrid - Coimbatore, Tamil Nadu",Business communicationData managementBusiness process improvementAgileFund administrationInformation managementInformation technologyAnalytics,https://www.naukri.com/job-listings-data-analyst-mumbai-teamlease-digital-mumbai-all-areas-5-to-10-years-201023004250,21 Days Ago
Data Analyst,Siemens,1-3 Yrs,Not disclosed,Chennai,Electrical engineeringAutomationExcelSimulationPower managementData qualityData analyticsResearch,https://www.naukri.com/job-listings-data-analyst-siemens-limited-thane-3-to-6-years-130623501014,30+ Days Ago
Senior Data Analyst,CBRE,4-6 Yrs,Not disclosed,Chennai,MS SQLtableauExcelHadoopManager TechnologyData AnalystData analyticsdata visualization,https://www.naukri.com/job-listings-senior-data-analyst-cbre-group-hyderabad-secunderabad-5-to-10-years-121023500737,30+ Days Ago
Environmental Data Analyst,CBRE,1-3 Yrs,Not disclosed,Noida,Computer scienceData managementCodingAnalyticaldata governanceData processingData qualitySQL,https://www.naukri.com/job-listings-environmental-data-analyst-cbre-group-hyderabad-secunderabad-5-to-9-years-121023500736,30+ Days Ago
ADW Senior Data Analyst,Allegis Group,2-3 Yrs,Not disclosed,Chennai,Support AnalystData AnalystDataData analysis,https://www.naukri.com/job-listings-adw-senior-data-analyst-allegis-group-mohali-punjab-chandigarh-chandigarh-panchkula-haryana-4-to-9-years-071023004814,30+ Days Ago
Data Analyst (SQL and Power BI),Avantor,4-8 Yrs,Not disclosed,Mumbai,LoansData analysisCostingNBFCMISAnalyticalFinanceData analytics,https://www.naukri.com/job-listings-data-analyst-sql-and-power-bi-avantor-coimbatore-tamil-nadu-3-to-8-years-250923005509,30+ Days Ago
Data Analyst at Electronic Arts,EA Games (Electronic Arts),7-8 Yrs,Not disclosed,Thane,QAData analysiscyber securityAnalyticalIT infrastructureSIEMData analyticsData Analyst,https://www.naukri.com/job-listings-data-analyst-at-electronic-arts-electronic-arts-hyderabad-secunderabad-3-to-6-years-180621500703,15 Days Ago
Planning Data Analyst,Pfizer,0-1 Yrs,Not disclosed,Mumbai,Data analysisUsagetableauAgileScrumData AnalystInformaticadata visualization,https://www.naukri.com/job-listings-planning-data-analyst-pfizer-limited-chennai-3-to-5-years-300523502307,30+ Days Ago
Senior Data Analyst,Essenware,0-1 Yrs,Not disclosed,Trivandrum/Thiruvananthapuram,Master data analystREACHISOASMERoHSDataData analysisMaster data,https://www.naukri.com/job-listings-senior-data-analyst-essenware-private-limted-chennai-5-to-10-years-300323501967,20 Days Ago
Senior Data Analyst,Innovaccer,0-1 Yrs,Not disclosed,Hyderabad/Secunderabad,RSQLPythonJavaC++ScalaData Scientistdata mining,https://www.naukri.com/job-listings-senior-data-analyst-innovaccer-noida-1-to-4-years-280623500973,23 Days Ago
Data Analyst,Renault,5-10 Yrs,Not disclosed,Mumbai,C++Data AnalysisJavaRoperations researchdata miningScalaPython,https://www.naukri.com/job-listings-data-analyst-renault-india-pvt-ltd-chennai-3-to-5-years-210823500442,30+ Days Ago
Data Analyst (Mutual Series),Franklin Templeton,1-5 Yrs,Not disclosed,Pune,Data AnalystFinance changeSubledgerData GovernancebrdBCBS 239General ledgerfrd,https://www.naukri.com/job-listings-data-analyst-mutual-series-franklin-templeton-international-mumbai-1-to-3-years-121023501230,24 Days Ago
Data Analyst,Siemens,0-0 Yrs,Not disclosed,Hyderabad/Secunderabad,NursingDiagnosticsAnalyticalReconciliationStrategic planningOperationsTechnical supportMonitoring,https://www.naukri.com/job-listings-data-analyst-siemens-limited-thane-3-to-6-years-080623500199,30+ Days Ago
SRM Data Analyst,General Mills,2-6 Yrs,Not disclosed,Chennai,ERPGood Communication In EnglishGood In ExcelDiploma MechanicalDiploma ElectricalREACHFlexibleASME,https://www.naukri.com/job-listings-srm-data-analyst-general-mills-inc-mumbai-1-to-3-years-071023500675,30+ Days Ago
Data Analyst,Infosys,2-4 Yrs,Not disclosed,Mumbai,FinanceData ManagementSQLcollibraData GovernanceDataManagementData analysis,https://www.naukri.com/job-listings-data-analyst-infosys-limited-trivandrum-thiruvananthapuram-5-to-7-years-041023908645,30+ Days Ago
Data Analyst - SAS - Insurance,Serving Skill,2-7 Yrs,Not disclosed,Pune,MiningProduct managementCloud computingdata scienceLinuxMachine learningOracleAnalytics,https://www.naukri.com/job-listings-data-analyst-sas-insurance-serving-skill-mumbai-2-to-5-years-031023905942,30+ Days Ago
Data Analyst - Technology,Vayaa Systems,7-12 Yrs,Not disclosed,Bangalore/Bengaluru,Machine learningDistribution systemAnalyticsFinancial servicesSQLPythonRecruitmentTechnical documentation,https://www.naukri.com/job-listings-data-analyst-technology-vayaa-systems-hyderabad-secunderabad-1-to-3-years-280618500165,30+ Days Ago
Data Analyst II,Zoom Info,5-8 Yrs,Not disclosed,Coimbatore,AutomationData managementProject managementAgileOpen sourceAnalyticsSQLPython,https://www.naukri.com/job-listings-data-analyst-ii-zoom-info-chennai-4-to-6-years-150923500214,30 Days Ago
Data Analyst,Essenware,5-9 Yrs,Not disclosed,Coimbatore,RData AnalysisTableauETLPythonPowerBIQlikViewData,https://www.naukri.com/job-listings-data-analyst-essenware-private-limted-mumbai-1-to-3-years-110523500798,1 Day Ago
Risk and Data Analyst,poolnt,3-7 Yrs,Not disclosed,"Bangalore/ Bengaluru, Karnataka",PythonSQLData ScienceMachine LearningDataMachineScience,https://www.naukri.com/job-listings-risk-and-data-analyst-poolnt-mumbai-2-to-3-years-110423501485,2 Days Ago
Security Data Analyst / L2,Si Cyber,5-9 Yrs,Not disclosed,"Varanasi/Benaras, Mumbai, Bangalore/Bengaluru",Data ScienceData ScientistCustomer SegmentationAdvanced AnalyticsBig DataTime SeriesSparkMachine Learning,https://www.naukri.com/job-listings-security-data-analyst-l2-si-cyber-pune-4-to-8-years-031122501633,2 Days Ago
SE-Developer-Data Analyst,Renault,10-18 Yrs,Not disclosed,Bangalore/Bengaluru(Manayata Tech Park),UnixDue diligenceLinuxFinancial inclusionMachine learningBusiness intelligenceForecastingFinancial services,https://www.naukri.com/job-listings-se-developer-data-analyst-renault-india-pvt-ltd-chennai-7-to-8-years-010223500868,4 Days Ago
Master Data Analyst,Epiroc Mining India,5-12 Yrs,Not disclosed,Hybrid - Bangalore/Bengaluru,GCPArtificial IntelligenceVertex AIawsMachine LearningData AnalysisData AnalyticsPython,https://www.naukri.com/job-listings-master-data-analyst-epiroc-mining-india-bangalore-bengaluru-0-to-1-years-280923004118,23 Days Ago
Data Analyst Trainee - DA-Trainee,Zcts,0-5 Yrs,Not disclosed,Mumbai,RCASoftware designVersion controlCodingMachine learningData structuresProject deliveryMonitoring,https://www.naukri.com/job-listings-data-analyst-trainee-da-trainee-zcts-coimbatore-0-to-1-years-271023914142,3 Days Ago
Data Analyst Trainee - DA-Trainee,Zcts,1-5 Yrs,Not disclosed,Gurgaon/Gurugram,Machine LearningHypothesis testingData ModellingCNNTensor FlowDeep LearningNumpyNLP,https://www.naukri.com/job-listings-data-analyst-trainee-da-trainee-zcts-coimbatore-0-to-1-years-261023904553,30+ Days Ago
Finance Change -Subledger Data Analyst,PwC,8-9 Yrs,Not disclosed,"Gurgaon/Gurugram, Bangalore/Bengaluru",E-learningdata scienceApplication programmingArtificial IntelligenceMachine learningManager TechnologyDoctorManagement,https://www.naukri.com/job-listings-finance-change-subledger-data-analyst-pwc-bangalore-bengaluru-karnataka-5-to-10-years-251023007115,30+ Days Ago
Data Analyst Volunteer,Clinton Health Access Initiative (CHAI),6-11 Yrs,Not disclosed,Bangalore/Bengaluru,LoansData analysisPrototypeNoSQLdata scienceAnalyticalMachine learningSQL,https://www.naukri.com/job-listings-data-analyst-volunteer-clinton-health-access-initiative-varanasi-benaras-mumbai-bangalore-bengaluru-1-to-5-years-231023500202,30+ Days Ago
Master Data Analyst,Nextup Hr Consulting,4-7 Yrs,Not disclosed,Bangalore/Bengaluru,data scientistimage processingdata labelNatural Language ProcessingLarge language modellingAILLMMachine Learning,https://www.naukri.com/job-listings-master-data-analyst-nextup-hr-consulting-bangalore-bengaluru-0-to-0-years-041023011030,4 Days Ago
Business / Data Analyst,Electricpe,1-3 Yrs,Not disclosed,"Pune, Maharashtra, Bangalore Rural, Karnataka, Chennai, Tamil Nadu",Performance tuningAutomationRDBMSCodingShell scriptingAgileInformaticaOracle,https://www.naukri.com/job-listings-business-data-analyst-electricpe-bangalore-bengaluru-5-to-7-years-051023500178,30+ Days Ago
Business Intelligence Data Analyst,Zerofox,3-7 Yrs,Not disclosed,Chennai,Computer scienceAutomationMedical devicesSAPPerformance managementData managementAnsysOracle,https://www.naukri.com/job-listings-business-intelligence-data-analyst-zerofox-bangalore-bengaluru-1-to-3-years-270923500230,30+ Days Ago
Business Data Analyst,AARNA HR SOLUTIONS PVT. LTD.,5-5 Yrs,Not disclosed,Gurgaon/Gurugram,Power BiSQL ServerDax QueryVisualizationSQL queriesLive Connectivity with SQL server DatabaseViewsElas,https://www.naukri.com/job-listings-business-data-analyst-aarna-hr-solutions-pvt-ltd-bengaluru-bangalore-3-to-6-years-110417500767,30+ Days Ago
Immediate Opportunity For Business DATA Analyst,Candor Software Solutions,2-4 Yrs,Not disclosed,Gurgaon/Gurugram,SAPpower BIData AnalystDataBiSRData analysis,https://www.naukri.com/job-listings-immediate-opportunity-for-business-data-analyst-candor-software-solutions-pune-maharashtra-bangalore-rural-karnataka-chennai-tamil-nadu-3-to-7-years-051023006517,30+ Days Ago
Lead Business Analyst / Data Analyst,e con Systems,3-6 Yrs,Not disclosed,"Pune, Maharashtra",Business processERPSAPMS AccessAnalyticalpower biBusiness managementAdvanced Excel,https://www.naukri.com/job-listings-lead-business-analyst-data-analyst-e-con-systems-india-pvt-ltd-chennai-7-to-12-years-110923500872,30+ Days Ago
ASSOCIATE - BUSINESS DATA ANALYST,Lennox India Technology Centre (LITC),2-6 Yrs,Not disclosed,"Hyderabad/Secunderabad, Chennai, Bangalore/Bengaluru",SQL queriesData validationquery optimizationRDBMSAnalyticalData analyticsdata visualizationAnalytics,https://www.naukri.com/job-listings-associate-business-data-analyst-lennox-india-technology-centre-private-limited-chennai-2-to-5-years-040522500663,3 Days Ago
Data Analyst - Business Excellence Unit,Fedbank Financial Services,2-5 Yrs,Not disclosed,Bangalore/Bengaluru,CloudE-commerceData analyticsdata visualizationOpen sourceAWSAnalyticsSQL,https://www.naukri.com/job-listings-data-analyst-business-excellence-unit-fedbank-financial-services-limited-mumbai-2-to-5-years-220923500862,30+ Days Ago
Data Analyst - Business Excellence Unit,Fedbank Financial Services,4-7 Yrs,Not disclosed,Bangalore/Bengaluru,Computer scienceData analysisUsageDebuggingSystem programmingData collectionHypothesis Testinghr solutions,https://www.naukri.com/job-listings-data-analyst-business-excellence-unit-fedbank-financial-services-limited-mumbai-2-to-5-years-100823500451,30+ Days Ago
Data Analyst - Equity Data Science,Equity Data Science,9-14 Yrs,Not disclosed,Chennai,Data analysisManager Quality AssuranceData managementdata securityMachine learningData qualityData miningSQL,https://www.naukri.com/job-listings-data-analyst-equity-data-science-equity-data-science-mumbai-1-to-3-years-250923500583,11 Days Ago
Data Analyst/Senior Data Analyst,Continuum India,3-8 Yrs,Not disclosed,Mumbai,ExcelSalesSFDCFocusDatabaseData AnalystResearchManagement,https://www.naukri.com/job-listings-data-analyst-senior-data-analyst-continuum-india-chandigarh-chandigarh-3-to-7-years-181023009380,30+ Days Ago
Data Analyst,BIS Research,1-6 Yrs,Not disclosed,New Delhi,ERPAutomationSOASASData modelingHyperionData structuresTroubleshooting,https://www.naukri.com/job-listings-data-analyst-bis-research-noida-uttar-pradesh-2-to-4-years-171023007562,30+ Days Ago
Data Analyst,SRG HOUSING FINANCE (SRGHFL),2-5 Yrs,Not disclosed,Pune,Team managementdata scienceBillingMachine learninghealthcare analyticsData AnalystManagementOperations,https://www.naukri.com/job-listings-data-analyst-srg-housing-finance-srghfl-udaipur-rajasthan-3-to-5-years-171023005067,30+ Days Ago
Sr. Data Analyst,ZF Friedrichshafen AG,5-10 Yrs,5-12 Lacs PA,Hyderabad/Secunderabad,Application designERPExcelECCVLOOKUPAgileData AnalystJIRA,https://www.naukri.com/job-listings-sr-data-analyst-zf-friedrichshafen-ag-coimbatore-coimbatore-5-to-5-years-161023904550,30+ Days Ago
Data Analyst,Emerson,1-4 Yrs,Not disclosed,"Chennai, Tamil Nadu",Data ScienceRFinanceAdvanced AnalyticsData AnalysisStatistical ModelingData AnalystSql,https://www.naukri.com/job-listings-data-analyst-emerson-innovation-center-chennai-2-to-4-years-131023501638,4 Days Ago
Lead Data Analyst,Session Ai,2-4 Yrs,2.5-3 Lacs PA,"Hyderabad/ Secunderabad, Telangana",Data ResearchERPSaasData Research AnalystZoominfoData Research AnalysisLinkedin Sales NavigatorAnalysis,https://www.naukri.com/job-listings-lead-data-analyst-session-ai-mumbai-2-to-6-years-260923500756,8 Days Ago
Data Analyst,Net2source Llp,2-4 Yrs,Not disclosed,Bangalore/Bengaluru,IT servicesSANAutomationSOCConsultingData AnalystSQLCRM,https://www.naukri.com/job-listings-data-analyst-net2source-llp-chennai-tamil-nadu-4-to-7-years-201023004081,9 Days Ago
Senior Data Analyst,Flexability Hr Solutions,4-8 Yrs,Not disclosed,"Hyderabad/Secunderabad, Ahmedabad, Bangalore/Bengaluru",IT servicesSANAutomationSOCConsultingData AnalystSQLCRM,https://www.naukri.com/job-listings-senior-data-analyst-flexability-hr-solutions-hyderabad-secunderabad-telangana-4-to-9-years-191023009819,28 Days Ago
Data Analyst,Technogen,3-7 Yrs,Not disclosed,Hyderabad/Secunderabad,Power BiExcellent Communication In EnglishMS OfficeDataMicrosoftBiEnglishOffice,https://www.naukri.com/job-listings-data-analyst-technogen-hyderabad-secunderabad-telangana-5-to-8-years-191023004980,30+ Days Ago
Data Analyst,"ITS Dental College, Greater Noida",1-4 Yrs,Not disclosed,Bangalore/Bengaluru,Relationship managementAnalystChange managementOperational excellenceAnalyticalCustomer serviceInformation managementMS Office,https://www.naukri.com/job-listings-data-analyst-its-dental-college-greater-noida-greater-noida-uttar-pradesh-1-to-4-years-190923002443,30+ Days Ago
Sr Data Analyst,Coders Brain Pvt Ltd,8-10 Yrs,Not disclosed,Indore,Data analysisData modelingAnalyticalpower biData Analystdata visualizationTroubleshootingTechnical support,https://www.naukri.com/job-listings-sr-data-analyst-coders-brain-pvt-ltd-remote-2-to-6-years-181023501834,21 Days Ago
Lead Data Analyst,Albanero Dev Pvt Ltd,2-6 Yrs,Not disclosed,Bangalore/Bengaluru,ML modellingPythondatabase management systemPower BIZohoData AnalysisSQLManagement,https://www.naukri.com/job-listings-lead-data-analyst-albanero-dev-pvt-ltd-hyderabad-secunderabad-pune-maharashtra-9-to-14-years-181023010571,30+ Days Ago
Data Analyst,Firstsource Laboratory Solutions,1-4 Yrs,Not disclosed,Noida,Management systemsSTATASocial mediaSAS Rbusiness rulesData AnalystMathematicsManager Quality Control,https://www.naukri.com/job-listings-data-analyst-firstsource-solutions-ltd-bangalore-bengaluru-3-to-4-years-290923501035,30+ Days Ago
Associate Data Analyst,Otis,1-3 Yrs,Not disclosed,Hyderabad/Secunderabad,Analytical skillsCareer developmentAutomationAssuranceData validationSenior Data AnalystHealthcareIncident management,https://www.naukri.com/job-listings-associate-data-analyst-otis-hyderabad-secunderabad-ahmedabad-bangalore-bengaluru-3-to-8-years-290721501051,1 Day Ago
Data Analyst,Zignaai,5-7 Yrs,Not disclosed,Hyderabad/Secunderabad,Analytical skillsData analysisStatistical analysisdata scienceData modelingMachine learningProgrammingTest cases,https://www.naukri.com/job-listings-data-analyst-zignaai-hyderabad-secunderabad-1-to-6-years-151222502226,7 Days Ago
Finance Data Lake - Data Analyst,JK Technosoft,2-4 Yrs,Not disclosed,Hyderabad/Secunderabad,Time managementMISAnalyticalFinanceClient engagementData qualityData AnalystAdvanced Excel,https://www.naukri.com/job-listings-finance-data-lake-data-analyst-jk-technosoft-ltd-bangalore-bengaluru-2-to-5-years-061023501142,7 Days Ago
Technical Data Analyst,"Vyrian, Inc",3-8 Yrs,Not disclosed,Hyderabad/Secunderabad,Data validationData AnalystSPSSWinCrossScriptingDataData analysis,https://www.naukri.com/job-listings-technical-data-analyst-vyrian-inc-indore-5-to-10-years-061021500067,7 Days Ago
Data Analyst,Tata Technologies,3-5 Yrs,Not disclosed,Hyderabad/Secunderabad,Data VisualizationReportingdata analystData AnalysisDataHiringAnalysis,https://www.naukri.com/job-listings-data-analyst-tata-technologies-ltd-bangalore-bengaluru-1-to-4-years-290723500756,7 Days Ago
Data Analyst,Indium Software,0-5 Yrs,Not disclosed,Pune,Power Bidata strategyMs AzureData AnalyticsData IntegrationLeadershipData QualityMaster Data Management,https://www.naukri.com/job-listings-data-analyst-indium-software-india-limited-hyderabad-secunderabad-2-to-4-years-201023500646,7 Days Ago
Data Analyst,Indium Software,3-5 Yrs,Not disclosed,Remote,Data InterpretationData ManagementData AnalysisData ValidationMIS PreparationCountifAny GraduateQuery Management,https://www.naukri.com/job-listings-data-analyst-indium-software-india-limited-hyderabad-secunderabad-3-to-8-years-201023500610,9 Days Ago
Data Analyst,Indium Software,1-5 Yrs,Not disclosed,Jaipur,Financial AnalysisTest ManagementSQLData AnalysisSTLCAgile deliveryHadoopPower Query,https://www.naukri.com/job-listings-data-analyst-indium-software-india-limited-hyderabad-secunderabad-2-to-7-years-201023500608,11 Days Ago
Data Analyst,Indium Software,3-4 Yrs,Not disclosed,Remote,Business processCareer developmentManager Quality AssuranceFinancial reportingFinanceAnalyticalData qualityMonitoring,https://www.naukri.com/job-listings-data-analyst-indium-software-india-limited-hyderabad-secunderabad-5-to-10-years-201023500593,12 Days Ago
Data Analyst,Indium Software,5-8 Yrs,Not disclosed,Mumbai,Financial ServicesCollibraData GovernanceControllershipSQLData QualityExcelAnalytical Skills,https://www.naukri.com/job-listings-data-analyst-indium-software-india-limited-hyderabad-secunderabad-2-to-4-years-201023500591,11 Days Ago
Data Analyst | Trichy,Straive,5-7 Yrs,Not disclosed,Calicut/Kozhikode,Data analysisCodingArtificial IntelligenceMachine learningGamingForecastingMonitoringSoftware services,https://www.naukri.com/job-listings-data-analyst-trichy-straive-tiruchirapalli-trichy-tamil-nadu-4-to-8-years-201023008928,11 Days Ago
Reports and Data Analyst,Bold Business,5-7 Yrs,3-4.5 Lacs PA,Noida,Business servicesOperations researchSAPVersion controlGITdata scienceAnalyticalBusiness process management,https://www.naukri.com/job-listings-reports-and-data-analyst-bold-business-remote-1-to-4-years-171023500250,13 Days Ago
Data Analyst - Senior,Ladders UP HR solutions,2-5 Yrs,Not disclosed,"Indore, Madhya Pradesh",data sciencecloud technologiesPythonArtificial IntelligenceAITableuconversation analyticsData,https://www.naukri.com/job-listings-data-analyst-senior-ladders-up-hr-solutions-jaipur-8-to-10-years-161023901238,14 Days Ago
Data Analyst I - CAI,Cambium Learning Group,3-4 Yrs,Not disclosed,New Delhi,Data ScienceRSASSPSSForecastingPythonSQLData,https://www.naukri.com/job-listings-data-analyst-i-cai-cambium-learning-group-remote-2-to-6-years-161023501125,14 Days Ago
Data Analyst,Inchcape Shipping Services,4-8 Yrs,3.5-4.5 Lacs PA,"New Delhi, Delhi",Data analysisC++Manager Quality AssuranceSASLinuxXMLAnalyticalData mining,https://www.naukri.com/job-listings-data-analyst-inchcape-shipping-services-india-pvt-ltd-mumbai-1-to-4-years-161023500311,30+ Days Ago
Research Analyst/Data Science Analyst/Data Analyst,Actionfi,4-9 Yrs,Not disclosed,"Bangarapet, Karnataka, Malur, Karnataka, Tumkur, Karnataka, Chikkaballapura, Karnataka, Nelamangala, Karnataka, Bangalore Rural, Karnataka, Bangalore/ Bengaluru, Karnataka, Anekal, Karnataka, Doddaballapura",Computer scienceAutomationData migrationCodingDebuggingJavascriptSeleniumJIRA,https://www.naukri.com/job-listings-research-analyst-data-science-analyst-data-analyst-actionfi-technologies-private-limited-calicut-kozhikode-1-to-3-years-150923500201,29 Days Ago
Data Analyst,Experian,5-8 Yrs,Not disclosed,"Bangalore/ Bengaluru, Karnataka",C++DicomMedical imagingArtificial IntelligenceMachine learningHealthcareManagementPython,https://www.naukri.com/job-listings-data-analyst-experian-plc-mumbai-5-to-7-years-141023500269,30+ Days Ago
Data Analyst,Apsidata Solutions,5-10 Yrs,Not disclosed,Bangalore/Bengaluru,Supply chainOperations researchdata scienceData managementProject managementInformation managementResource managementForecasting,https://www.naukri.com/job-listings-data-analyst-apsidata-solutions-noida-2-to-4-years-131023500073,7 Days Ago
Hiring @ Data Analyst Profile - Nagpur location,Select Source International,6-11 Yrs,Not disclosed,"Bangalore/ Bengaluru, Karnataka",GPTGENAINLPData ScientistBERTTensorflowCnnNatural Language Processing,https://www.naukri.com/job-listings-hiring-data-analyst-profile-nagpur-location-select-source-international-indore-madhya-pradesh-3-to-8-years-131023008596,13 Days Ago
Data Analyst,New Venture Consultants,2-4 Yrs,Not disclosed,Bangalore/Bengaluru,Data analysisBusiness analysisMachine learningAgileAsset managementAnalyticsFinancial servicesSQL,https://www.naukri.com/job-listings-data-analyst-ventures-india-consultants-new-delhi-3-to-5-years-100323501825,7 Days Ago
DGM Data Analyst,STONEX India,3-8 Yrs,Not disclosed,Bangalore/Bengaluru,advanced analyticsAutomationOperations researchdigital analyticsSalesExceldata scienceEconometrics,https://www.naukri.com/job-listings-dgm-data-analyst-stonex-india-new-delhi-delhi-6-to-8-years-290923004564,30+ Days Ago
Walk in Fresher/Exp For Global MNC's For MIS Analyst/Data Analyst.,Wisdom Bridge Consultants,2-7 Yrs,Not disclosed,Bangalore/Bengaluru,Dynamo DB ServersAmazon ConnectLambdacloudpythonopen sourcejavaNode JS,https://www.naukri.com/job-listings-walk-in-fresher-exp-for-global-mnc-s-for-mis-analyst-data-analyst-wisdom-bridge-consultants-bangarapet-karnataka-malur-karnataka-tumkur-karnataka-chikkaballapura-karnataka-nelamangala-karnataka-bangalore-rural-0-to-5-years-270923004027,16 Days Ago
Data Analysts - NFRA - Delhi,National Institute for Smart Government (NISG),2-3 Yrs,Not disclosed,Hybrid - Hyderabad/Secunderabad,Data analysisVersion controlBusiness analysisMachine learningBusiness intelligenceAnalyticsFinancial servicesPython,https://www.naukri.com/job-listings-data-analysts-nfra-delhi-national-institute-for-smart-government-nisg-new-delhi-delhi-6-to-10-years-210823004543,30+ Days Ago
Hinring For Data Analyst with leading Broking company,ACME SERVICES PRIVATE LIMITED,1-3 Yrs,Not disclosed,Pune,AnalystData managementAnalyticalFinanceManager TechnologyRepresentativeSQLQuantitative analysis,https://www.naukri.com/job-listings-hinring-for-data-analyst-with-leading-broking-company-acme-services-private-limited-mumbai-all-areas-3-to-8-years-040823004038,22 Days Ago
Data Analyst,TNS Holdings,4-8 Yrs,Not disclosed,Mumbai,Power Bidata visualizationsqlDataData analysisBi,https://www.naukri.com/job-listings-data-analyst-tns-holdings-remote-2-to-3-years-170123500001,30+ Days Ago
Data Analyst Sr I,Synopsys,3-6 Yrs,Not disclosed,Chennai,data analysisquality managementClinical Reports ManagementProject planningClinical Data Programmingdata validationSASCognos,https://www.naukri.com/job-listings-data-analyst-sr-i-synopsys-india-private-limited-hyderabad-secunderabad-5-to-7-years-080823500147,30+ Days Ago
Data Analyst,Virtusa,8-10 Yrs,Not disclosed,Chennai,Data analysisExcelSimulationProject managementSoftware development life cyclemicrosoftEditorSharepoint,https://www.naukri.com/job-listings-data-analyst-virtusa-hyderabad-secunderabad-8-to-13-years-290823000069,30+ Days Ago
data analyst,Disha Consultant,2-6 Yrs,Not disclosed,Pune,Data VisualizationRData CleansingSQL DatabaseSQL QueriesMATLABSQL ScriptingLinear Algebra,https://www.naukri.com/job-listings-data-analyst-disha-consultant-jaipur-4-to-8-years-141221500865,17 Days Ago
Senior Data Analyst,Equiniti India,3-6 Yrs,Not disclosed,Bangalore/Bengaluru,Data analysisbig data analystbig dataScriptinganalysisdatabig data testing,https://www.naukri.com/job-listings-senior-data-analyst-equiniti-ics-india-pvt-ltd-chennai-3-to-6-years-230223500953,30+ Days Ago
Senior Data Analyst,Equiniti India,0-2 Yrs,Not disclosed,Pune,Engineering servicesData analysisExcelEngineering project managementpower bidata management analystMS WordPowerpoint,https://www.naukri.com/job-listings-senior-data-analyst-equiniti-chennai-3-to-5-years-220223501870,6 Days Ago
Data Analyst,Reliance Games,3-5 Yrs,Not disclosed,Noida,Pivot TableExcelVLOOKUPWindows Serverunix technical supportFormulasUnix Support EngineerMS Office,https://www.naukri.com/job-listings-data-analyst-reliance-games-pune-2-to-5-years-130921500438,30+ Days Ago
Data Analyst - Driver Platform,Gojek,4-9 Yrs,Not disclosed,Bangalore/Bengaluru,Operations researchSalesStatistical analysisdynamo dbBusiness analyticsDemand forecastingAutodeskData analytics,https://www.naukri.com/job-listings-data-analyst-driver-platform-go-jek-engineering-bangalore-bengaluru-4-to-5-years-211023500215,29 Days Ago
Data Analyst,Addverb Technologies,4-8 Yrs,3-5.5 Lacs PA,"Hybrid - Gurgaon/ Gurugram, Haryana",Computer scienceData analysisSASMISAnalyticalResearchInformation technologyAnalytics,https://www.naukri.com/job-listings-data-analyst-addverb-technologies-noida-1-to-3-years-050523501332,1 Day Ago
Data Analyst Power Bi,Tech Mahindra,3-5 Yrs,3-7 Lacs PA,"Thane, Maharashtra, Navi Mumbai, Mumbai (All Areas)",Data analysisLinuxMISPostgresqlAgileScrumMonitoringSQL,https://www.naukri.com/job-listings-data-analyst-power-bi-tech-mahindra-pune-maharashtra-bangalore-bengaluru-karnataka-3-to-6-years-280623006485,7 Days Ago
"Lead Data Analyst (SAS, SQL, Python, Tableau)",Citicorp Finance,2-5 Yrs,Not disclosed,"Indore, Madhya Pradesh, Nagpur, Maharashtra, Pune, Maharashtra",C++CodingSOCAgilePerlTroubleshootingMATLABAnalytics,https://www.naukri.com/job-listings-lead-data-analyst-sas-sql-python-tableau-citicorp-finance-bangalore-bengaluru-4-to-8-years-270723009132,9 Days Ago
Data Analyst 1,Optum,3-8 Yrs,Not disclosed,Chennai,SANHealth insurancetableauData modelingcassandraScript writingbig data analyticsMachine learning,https://www.naukri.com/job-listings-data-analyst-1-optum-global-solutions-india-private-limited-hyderabad-secunderabad-8-to-10-years-271023904479,22 Days Ago
"Data Analyst (R, Python, Tableau, GCP) - Immediate Joiner",Niftel Communications,4-6 Yrs,Not disclosed,Bangalore/Bengaluru,Data analysisPrototypedata scienceAnalyticalMachine learningSCALAHypothesis TestingDeployment,https://www.naukri.com/job-listings-data-analyst-r-python-tableau-gcp-immediate-joiner-niftel-communications-gurgaon-gurugram-haryana-5-to-8-years-211023004719,10 Days Ago
Medical Data Analyst - Navi Mumbai (Turbhe),Vasta Bio Informatics,10-12 Yrs,Not disclosed,Remote,Data analysisDiagnosticsdata scienceAnalyticalMachine learningdata visualizationAnalyticsMonitoring,https://www.naukri.com/job-listings-medical-data-analyst-navi-mumbai-turbhe-vasta-bio-informatics-thane-maharashtra-navi-mumbai-mumbai-all-areas-0-to-5-years-191023007368,30+ Days Ago
Data Analyst Trainee,Codenera,3-8 Yrs,Not disclosed,Bangalore/Bengaluru,Computer scienceData analysisdata scienceAnalyticalBusiness analyticsMachine learningmicrosoft azureStatistics,https://www.naukri.com/job-listings-data-analyst-trainee-codenera-indore-madhya-pradesh-nagpur-maharashtra-pune-maharashtra-0-to-1-years-171023008630,7 Days Ago
Big data analyst,Accolite Software India Pvt Ltd,4-6 Yrs,20-30 Lacs PA,Bangalore/Bengaluru,Data ScienceCNNNLPRNNNLUText AnalyticsAgile developmentMachine Learning,https://www.naukri.com/job-listings-big-data-analyst-accolite-software-india-pvt-ltd-bangalore-bengaluru-2-to-6-years-060722500254,7 Days Ago
Technical Data Analyst,Datumlyze,8-12 Yrs,Not disclosed,Bangalore/Bengaluru,TrainingSANData analysisBackenddata scienceMachine learningVenture capitalEquity,https://www.naukri.com/job-listings-technical-data-analyst-datumlyze-chennai-0-to-2-years-040222005193,6 Days Ago
Applied Data Analyst,Cargill,4-7 Yrs,Not disclosed,Pune,Data ScienceStatistical ModelingMachine LearningData VisualizationsPower BIArtificial IntelligenceData AnalysisHypothesis Testing,https://www.naukri.com/job-listings-applied-data-analyst-cargill-india-pvt-ltd-bangalore-bengaluru-3-to-5-years-010923501767,14 Days Ago
Job Title: Data Analyst Trainer (Fresher),Intelmantra,5-8 Yrs,10-15 Lacs PA,Bangalore/Bengaluru,TrainingData analysisdata scienceMachine learningInfrastructureProgrammingmodel developmentDeployment,https://www.naukri.com/job-listings-title-data-analyst-trainer-fresher-intelmantra-delhi-ncr-0-to-1-years-211023004216,2 Days Ago
Business Data Analyst,Digit Insurance,0-3 Yrs,Not disclosed,Ahmedabad,Product managementAnalytical skillsSAPData modelingHyperionStandard operating proceduresManager TechnologyMarketing operations,https://www.naukri.com/job-listings-business-data-analyst-digit-insurance-bangalore-bengaluru-karnataka-3-to-5-years-261023007270,30+ Days Ago
Jr. Data Analyst,Vadera & Co.,1-2 Yrs,Unpaid,"Hybrid - Gurgaon/ Gurugram, Haryana",Computer scienceData analysisImage processingCodingSocial mediaVisual StudioUnit testingAnalytics,https://www.naukri.com/job-listings-jr-data-analyst-vadera-co-vadodara-baroda-0-to-1-years-150922501892,30 Days Ago
Data Analyst - SQL,Infogain,7-12 Yrs,Unpaid,"Indore, Madhya Pradesh",financial analysisdata interpretationdata analysisdata analyticsanalyticalteam managementteam skillspresentation skills,https://www.naukri.com/job-listings-data-analyst-sql-infogain-bangalore-bengaluru-5-to-10-years-201023003963,Starts in 1-3 months
Senior Price & Data Analyst,Stanley Black Decker India Ltd.,3-8 Yrs,Not disclosed,New Delhi,Machine LearningPytorchLanguage ModelsGenerative AIText SemanticNatural Language ProcessingCloudTransformers,https://www.naukri.com/job-listings-senior-price-data-analyst-stanley-black-decker-india-ltd-greater-noida-bangalore-bengaluru-5-to-8-years-191023500957,10 Days Ago
Jr Data Analyst (sql +azure) US Shift,Teleperformance (TP),5-10 Yrs,Not disclosed,Ahmedabad,pythonNLPmachine learningDataMachineNatural language processing,https://www.naukri.com/job-listings-jr-data-analyst-sql-azure-us-shift-teleperformance-tp-hyderabad-secunderabad-gurgaon-gurugram-haryana-2-to-4-years-041023006583,Starts in 1-3 months
Data Analyst-Fielding Operations,Nailbiter,3-6 Yrs,Not disclosed,New Delhi,Data analysisProduct engineeringLMSArtificial IntelligenceMachine learningData processingInformation retrievalCustomer service,https://www.naukri.com/job-listings-data-analyst-fielding-operations-nailbiter-mumbai-0-to-3-years-270923501927,30+ Days Ago
Market Research and Data Analyst,Acoustic Marketing India,3-8 Yrs,Not disclosed,"Mumbai, Mumbai Suburban",Computer visionData analysisNeural networksAnalyticalArtificial IntelligenceMachine learningData collectionNatural language processing,https://www.naukri.com/job-listings-market-research-and-data-analyst-acoustic-marketing-india-gurgaon-gurugram-haryana-1-to-3-years-191023004344,30+ Days Ago
Intern - Digital Data Analyst,Uni Access Consulting,3-5 Yrs,Not disclosed,Ahmedabad,Data analysisProduct engineeringLMSArtificial IntelligenceMachine learningData processingInformation retrievalCustomer service,https://www.naukri.com/job-listings-intern-digital-data-analyst-uni-access-pune-0-to-1-years-130923501976,30+ Days Ago
Data Analyst- (Non Technical),Linuxbean Solutions,16-22 Yrs,Not disclosed,Thane,Text miningComputer visionData analysisImage processingMachine learningNatural language processingData miningApache,https://www.naukri.com/job-listings-data-analyst-non-technical-linuxbean-solutions-indore-madhya-pradesh-0-to-1-years-120823004455,30+ Days Ago
Data Analyst Internship,Travel D'globe,4-10 Yrs,Not disclosed,Mumbai,Data analysisVersion controlLinuxMachine learningShell scriptingData structuresNatural language processingTest cases,https://www.naukri.com/job-listings-data-analyst-internship-traveldglobe-new-delhi-0-to-1-years-080719500113,30+ Days Ago
Data Analyst/Data Research Executive,World Web Technology,4-9 Yrs,Not disclosed,Hyderabad/Secunderabad,Data ScientistData ScienceTensorflowNLPPythonDataScienceNatural language processing,https://www.naukri.com/job-listings-data-analyst-data-research-executive-world-web-technology-ahmedabad-0-to-2-years-200223502881,30+ Days Ago
Junior Data Analyst,Sicuremi Healthcare Technologies,12-18 Yrs,Not disclosed,Gurgaon/Gurugram,Cloud computingNeural networksMachine learningNatural language processingFinancial servicesSQLPythonRecruitment,https://www.naukri.com/job-listings-junior-data-analyst-sicuremi-healthcare-technologies-new-delhi-0-to-2-years-181119500429,30+ Days Ago
Data Analyst ( Fresher ),Onpoint Insights,3-8 Yrs,Not disclosed,Gurgaon/Gurugram,Data ValidationMachine LearningSQLData SciencePythonPredictive ModelingPysparkData Wrangling,https://www.naukri.com/job-listings-data-analyst-fresher-onpoint-insights-mumbai-mumbai-suburban-0-to-2-years-161222501515,4 Days Ago
Data Analyst,Post A Resume,2-7 Yrs,Not disclosed,"Hybrid - Gurgaon/ Gurugram, Haryana",Artificial IntelligenceMachine LearningNatural Language ProcessingDeep LearningPythonDataIntelligenceLanguages,https://www.naukri.com/job-listings-data-analyst-post-a-resume-hr-consultancy-ahmedabad-0-to-4-years-141119500682,30+ Days Ago
Data Analyst Executive,Strelema,5-10 Yrs,Not disclosed,Gurgaon/Gurugram,Computer visionMarketing analyticsdata scienceRisk analyticsAnalyticalDemand forecastingConsultingNatural language processing,https://www.naukri.com/job-listings-data-analyst-executive-strelema-thane-0-to-2-years-100822500565,18 Days Ago
Data Analyst,P S International HR Consultants,5-10 Yrs,Not disclosed,Gurgaon/Gurugram,Energy ManagementEnergyEnergy AuditEnergy EfficiencySafety AuditEnvironmental ConsultancyPower QualityHarmonic Analysis,https://www.naukri.com/job-listings-data-analyst-p-s-international-hr-consultants-mumbai-0-to-4-years-081022500461,30+ Days Ago
MIS Data Analyst,Mantras2Success Consultants,1-3 Yrs,Not disclosed,Bangalore/Bengaluru,Knowledge of environmental legislation/regulation/policySustainabilityESGData Analyticssustainability consultantRegulationsERMAnalysis,https://www.naukri.com/job-listings-mis-data-analyst-mantras2success-consultants-hyderabad-secunderabad-0-to-5-years-080423501330,30+ Days Ago
Data Analyst / Business Analyst,Right Step Consulting,3-7 Yrs,Not disclosed,Hyderabad/Secunderabad,Business excellenceData Analystunitdataexcellencedata analysis,https://www.naukri.com/job-listings-data-analyst-business-analyst-right-step-consulting-private-limited-gurgaon-2-to-3-years-300617501344,28 Days Ago
Data Analyst,Business Brio,8-13 Yrs,Not disclosed,Hyderabad/Secunderabad,UnixData analysisLinuxBusiness Data AnalystProject managementProcess improvementShell scriptingdata governance,https://www.naukri.com/job-listings-data-analyst-business-brio-kolkata-1-to-2-years-260923501508,30+ Days Ago
Business Data Analyst,Anblicks Solutions,0-1 Yrs,Not disclosed,Remote,Cloud computingGCPBillingbusiness case developmentOperationsMotorolaAWSSQL,https://www.naukri.com/job-listings-business-data-analyst-anblicks-solutions-hyderabad-secunderabad-telangana-ahmedabad-gujarat-4-to-9-years-290923008296,30 Days Ago
Data Analyst and Business Analyst,Mouri Tech,2-5 Yrs,Not disclosed,Remote,Team Management SkillsTeam CoordinationPresentation SkillsCommunication SkillsStrategic ThinkingTeam SkillsLeadership SkillsInterpersonal Skills,https://www.naukri.com/job-listings-data-analyst-and-business-analyst-mouri-tech-pvt-ltd-hyderabad-secunderabad-7-to-9-years-150923500915,30+ Days Ago
Business Data Analyst,"Iquest Solutions Corp, Usa",2-5 Yrs,4.25-4.75 Lacs PA,"Hybrid - Pune, Maharashtra",Supply chainAutomationdata scienceBusiness analysisMachine learningData processingVirtualizationSQL,https://www.naukri.com/job-listings-business-data-analyst-iquest-solutions-corp-usa-hyderabad-secunderabad-4-to-6-years-140923501510,30+ Days Ago
Business / Data Analyst,Reventics,3-5 Yrs,Not disclosed,Noida,Business AnalysisBusiness AnalystOracle DatabaseSQL databasesITextraction toolsdata mapping toolsData Mapping,https://www.naukri.com/job-listings-business-data-analyst-reventics-hyderabad-secunderabad-2-to-3-years-090421501663,11 Days Ago
Business Data Analyst,Helpshift,2-5 Yrs,Not disclosed,Hyderabad/Secunderabad,Performance tuningdigital analyticsData modelingAgileData qualityData analyticsStored proceduresRefrigeration,https://www.naukri.com/job-listings-business-data-analyst-helpshift-pune-2-to-5-years-270923501847,30+ Days Ago
Business Intelligence Data Analyst,Vericle,10-11 Yrs,Not disclosed,Hyderabad/Secunderabad,Relationship managementData analysisRisk analyticsAnalyticalFunctional AnalystBankingData analyticsInvestment banking,https://www.naukri.com/job-listings-business-intelligence-data-analyst-vericle-remote-1-to-4-years-190723502130,30+ Days Ago
"Requirement Of ""Business Data Analyst"" For Noida",Talent Corner HR Services Pvt Ltd,2-6 Yrs,Not disclosed,Mumbai,Data managementPerldata visualizationOracleTroubleshootingData miningAnalyticsSQL,https://www.naukri.com/job-listings-requirement-of-business-data-analyst-for-noida-talent-corner-hr-services-pvt-ltd-noida-3-to-4-years-070923607924,30+ Days Ago
Business Analyst / Data Analyst,IB Services &amp;amp; Technologies,4-6 Yrs,Not disclosed,Kolkata,Data Analysis . Power BI. Business Analysis. Microsoft Power BI. Database Management . Excel Report Preparation. AnalysisDBMSAnalysisManagementMicrosoftPower BiDataExcel Reporting,https://www.naukri.com/job-listings-business-analyst-data-analyst-ib-services-amp-amp-technologies-pune-1-to-3-years-210622501385,30+ Days Ago
Business and Data Analyst,Qubit Ai,1-4 Yrs,Not disclosed,Trivandrum/Thiruvananthapuram,Data analysisData migrationData managementDiagnosticsAgileBusiness intelligenceSQLSalesforce,https://www.naukri.com/job-listings-business-and-data-analyst-qubit-ai-hyderabad-secunderabad-1-to-3-years-190523501156,30+ Days Ago
Business Data Analyst,Techolution,2-3 Yrs,Not disclosed,"Hybrid - Gurgaon/ Gurugram, Haryana",Product managementData analysisStaffingdata securityProject managementConsultingAgiledata governance,https://www.naukri.com/job-listings-business-data-analyst-techolution-hyderabad-secunderabad-5-to-7-years-131222502298,2 Days Ago
BUSINESS DATA ANALYST,Rebel Bots,2-3 Yrs,"50,000-3 Lacs PA",Bangalore/Bengaluru,Supply chainDSOData validationUsageTest scriptsAgileData qualityOracle,https://www.naukri.com/job-listings-business-data-analyst-rebel-bots-remote-3-to-5-years-120523501440,1 Day Ago
Data Analyst - Business Excellence Unit,Fed Finance,2-2 Yrs,Not disclosed,"Bangalore Rural, Karnataka",SASProcess improvementDiversity and InclusionData collectionData AnalystSPSSInformation managementMedical insurance,https://www.naukri.com/job-listings-data-analyst-business-excellence-unit-fed-finance-mumbai-1-to-5-years-040722500060,1 Day Ago
Business / Data Analyst,Applied Research Works,3-5 Yrs,Not disclosed,Bangalore/Bengaluru,Supply chainProcess orientationBusiness analyticsAnalyticalConsultingMarket researchData AnalystCustomer experience,https://www.naukri.com/job-listings-business-data-analyst-applied-research-works-india-pvt-ltd-kolkata-3-to-8-years-040123502436,3 Days Ago
Data Analyst,Digi Aansh,3-8 Yrs,Not disclosed,Bengaluru,IntegrationAIAzureGCPAWSMachine LearningMLData,https://www.naukri.com/job-listings-data-analyst-digi-aansh-dehradun-uttarakhand-2-to-3-years-290923005315,30+ Days Ago
Data Analyst (Database Management),MRI Software,5-10 Yrs,Not disclosed,Bangalore/Bengaluru,ComRelationship ExecutiveExcelStarDatabaseData AnalystBusiness intelligenceMacros,https://www.naukri.com/job-listings-data-analyst-database-management-mri-software-bangalore-bengaluru-2-to-6-years-180923501451,30+ Days Ago
Senior Data Analyst,Autodesk,2-4 Yrs,Not disclosed,Bangalore/Bengaluru,Manager Quality AssuranceFinancial analysisAnalyticalCash flowHTTPBudgetingForecastingVariance analysis,https://www.naukri.com/job-listings-senior-data-analyst-autodesk-india-pvt-ltd-bangalore-bengaluru-4-to-6-years-180823500629,30+ Days Ago
Technical Project Manager Data Analyst | Neem Consulting,Neem Consulting Limited,2-5 Yrs,Not disclosed,Bangalore/Bengaluru,Data ScienceData AnalyticsMachine LearningPythonDeep LearningDataAnalyticsManagement,https://www.naukri.com/job-listings-technical-project-manager-data-analyst-neem-consulting-neem-consulting-limited-bangalore-bengaluru-1-to-4-years-070923500215,30+ Days Ago
"Associate Manager,PBNA IBP IT Data Analyst",Pepsi Foods,5-10 Yrs,Not disclosed,Bangalore/Bengaluru,Operations researchBusiness objectsProcess optimizationXMLAnalyticalJavascriptStakeholder managementLicensing,https://www.naukri.com/job-listings-associate-manager-pbna-ibp-it-data-analyst-pepsi-foods-priv-limited-hyderabad-secunderabad-1-to-5-years-080923500747,30+ Days Ago
Data Analyst,Lynk,4-5 Yrs,Not disclosed,Bangalore/Bengaluru,Qualitative researchProcess automationRDBMSData collectionHypothesis TestingData AnalystmicrosoftMonitoring,https://www.naukri.com/job-listings-data-analyst-lynk-kolkata-mumbai-new-delhi-hyderabad-secunderabad-pune-chennai-bangalore-bengaluru-2-to-3-years-060323501827,30+ Days Ago
Data Analysts,Prometheus Consulting,3-6 Yrs,Not disclosed,Pune,ESG ReportingRisk consultingRelational and NoSQL databasesSustainability Platform - Data AnalystDataRiskConsultingERM,https://www.naukri.com/job-listings-data-analysts-prometheus-consulting-bengaluru-bangalore-2-to-3-years-030419501116,30+ Days Ago
Data Analyst,Myyogateacher,4-9 Yrs,Not disclosed,Bangalore/Bengaluru,BPOData analysisService levelBusiness reportingAnalyticalVerintAnalyticsPrivate equity,https://www.naukri.com/job-listings-data-analyst-myyogateacher-com-bangalore-bengaluru-2-to-2-years-270723503154,30+ Days Ago
Data Analyst,Globals Ites,1-2 Yrs,Not disclosed,"Kolkata, Mumbai, New Delhi, Hyderabad/Secunderabad, Pune, Chennai, Bangalore/Bengaluru",Technical designAgileProgrammingCustomer supportdata privacyJIRAAnalyticsSQL,https://www.naukri.com/job-listings-data-analyst-globals-ites-pvt-ltd-bangalore-bengaluru-3-to-5-years-260421500684,30+ Days Ago
Data Analyst,"Quotient, Inc.",1-4 Yrs,Not disclosed,Bangalore/Bengaluru,TableauSQLPythonPower BiAzure CloudSQL QueriesInformaticaCucumber,https://www.naukri.com/job-listings-data-analyst-quotient-inc-bangalore-bengaluru-1-to-3-years-240320501476,15 Days Ago
Data Analyst,Hyperthink Systems,3-5 Yrs,Not disclosed,Bengaluru,SPSSAdvanced ExcelTableauSQLPythonExcelDataData analysis,https://www.naukri.com/job-listings-data-analyst-hyper-think-systems-private-limited-bangalore-bengaluru-2-to-5-years-230923500753,30+ Days Ago
Data Analyst,Z2 Plus Manpower,3-5 Yrs,Not disclosed,Bangalore/Bengaluru,Business processProcess automationERPprocess integrationProject managementBusiness analyticsBusiness intelligenceMacros,https://www.naukri.com/job-listings-data-analyst-z2plus-placement-security-agency-pvt-ltd-bangalore-bengaluru-2-to-5-years-210222500573,30+ Days Ago
Data Analyst,Smith & Nephew,3-5 Yrs,Not disclosed,Hyderabad,Business servicesProcess improvementAnalyticalConsultingSMSCustomer servicePowerpointAnalytics,https://www.naukri.com/job-listings-data-analyst-smith-nephew-pune-3-to-6-years-191122500479,30+ Days Ago
Sr Data Analyst,Skillety,7-12 Yrs,14-22.5 Lacs PA,Bangalore/Bengaluru,Data analysisAutomationData validationPDFBusiness analysisBusiness solutionsUser acceptance testingAnalytics,https://www.naukri.com/job-listings-sr-data-analyst-skillety-bangalore-bengaluru-3-to-5-years-131222500871,30+ Days Ago
Data Analyst,Udacity,2-3 Yrs,Not disclosed,"Pune, Maharashtra, Bangalore/Bengaluru, Trivandrum/ Thiruvananthapuram, Kerala",Data analysisData validationBusiness analysisdata mappingBusiness solutionsUser acceptance testingAnalyticsFinancial services,https://www.naukri.com/job-listings-data-analyst-udacity-kolkata-mumbai-new-delhi-hyderabad-secunderabad-pune-chennai-bangalore-bengaluru-1-to-3-years-121023500978,28 Days Ago
Data Analyst,Globals Ites,1-2 Yrs,Not disclosed,Bangalore/Bengaluru,Data analysisData managementBusiness analyticsAnalyticalAgileHRBusiness strategyStatistics,https://www.naukri.com/job-listings-data-analyst-globals-inc-bangalore-bengaluru-2-to-7-years-120423500563,8 Days Ago
Data Analyst RK,Husys Consulting,2-4 Yrs,Not disclosed,Bangalore/Bengaluru,Supply chainUsageExcelStatistical analysisSenior managementAnalyticalFocusData Research Analyst,https://www.naukri.com/job-listings-data-analyst-rk-husys-consulting-limited-bengaluru-bangalore-4-to-6-years-090217500086,30+ Days Ago
Data Analyst,HyreFox Consultants Pvt Ltd,3-8 Yrs,Not disclosed,"Hybrid - Hyderabad/ Secunderabad, Telangana, Bangalore/ Bengaluru, Karnataka, Mumbai (All Areas)",PayrollAviationPerformance managementTalent acquisitionHRISProject managementAnalyticalEmployee engagement,https://www.naukri.com/job-listings-data-analyst-hyrefox-consultants-pvt-ltd-bangalore-bengaluru-3-to-8-years-040722502138,30+ Days Ago
Data Analyst,Ceragon Networks,1-4 Yrs,Not disclosed,"Hyderabad/Secunderabad, Bangalore/Bengaluru",Business IntelligenceRPower BiSql ServerTableauOracleBiIntelligence,https://www.naukri.com/job-listings-data-analyst-ceragon-bangalore-bengaluru-3-to-6-years-290923501060,16 Days Ago
Data Analyst Opportunity with MNC,Glauben Technologies,5-10 Yrs,Not disclosed,"Hybrid - Kochi/ Cochin, Kerala, Bangalore/ Bengaluru, Karnataka, Trivandrum/ Thiruvananthapuram, Kerala",Supply chainDigital mediaData analysisService levelPredictive modelingForecastingAnalyticsProduct marketing,https://www.naukri.com/job-listings-data-analyst-opportunity-with-mnc-glauben-technologies-pune-maharashtra-bangalore-bengaluru-trivandrum-thiruvananthapuram-kerala-2-to-7-years-191023008104,30+ Days Ago
data analyst,Etomate Technology,2-5 Yrs,Not disclosed,"Kolkata, Mumbai, New Delhi, Hyderabad/Secunderabad, Pune, Chennai, Bangalore/Bengaluru",Computer sciencedeep learningOperations researchUsageSenior AnalystGamingAnalyticsSQL,https://www.naukri.com/job-listings-data-analyst-etomate-technology-llp-bangalore-bengaluru-2-to-7-years-170118501679,18 Days Ago
Data Analyst - Finance,Zerofox,8-12 Yrs,16-30 Lacs PA,Bangalore/Bengaluru,Analytical skillsData analysisExcelInspectionData AnalystBusiness intelligenceSQLAnalytical,https://www.naukri.com/job-listings-data-analyst-finance-zerofox-bangalore-bengaluru-3-to-8-years-130723501903,30+ Days Ago
Data Analyst,Prudential Plc,5-10 Yrs,Not disclosed,"Bangalore/ Bengaluru, Karnataka",Data analysisProcess improvementJSONData AnalystmicrosoftRisk managementSSISAnalytics,https://www.naukri.com/job-listings-data-analyst-prudential-plc-kolkata-mumbai-new-delhi-hyderabad-secunderabad-pune-chennai-bangalore-bengaluru-2-to-4-years-111023500591,24 Days Ago
Data Analyst - NA Mobility,Arcadis Consulting India Pvt. Ltd,5-9 Yrs,Not disclosed,Bangalore/Bengaluru,Software designtableauExcelProject documentationAgile developmentHadoopAgileData Analyst,https://www.naukri.com/job-listings-data-analyst-na-mobility-arcadis-consulting-india-pvt-ltd-hyderabad-secunderabad-bangalore-bengaluru-2-to-5-years-110723501732,25 Days Ago
Data Analyst,Experion,5-10 Yrs,Not disclosed,Vadodara,CSSMINAgile scrumWeb developmentProgrammingJavascriptPerformance optimizationWeb designing,https://www.naukri.com/job-listings-data-analyst-experion-kochi-cochin-kerala-bangalore-bengaluru-karnataka-trivandrum-thiruvananthapuram-kerala-5-to-10-years-101023005191,30+ Days Ago
Data Analyst,Arise Virtual Solutions,2-6 Yrs,Not disclosed,Bangalore/Bengaluru,MINApplication developmentPower BiDevelopmentApplicationData analysisDataBi,https://www.naukri.com/job-listings-data-analyst-arise-virtual-solutions-kolkata-mumbai-new-delhi-hyderabad-secunderabad-pune-chennai-bangalore-bengaluru-4-to-5-years-100723500543,4 Days Ago
Data Analyst - Zoom GTM Dev,Ascendion Engineering,2-4 Yrs,Not disclosed,Bangalore/Bengaluru,excelsqlPower BiData AnalysisData ModelingDataBiModeling,https://www.naukri.com/job-listings-data-analyst-zoom-gtm-dev-ascendion-bangalore-bengaluru-3-to-6-years-091023500018,30+ Days Ago
Data Analyst - Short term onsite,Fallyn Technology,3-8 Yrs,Not disclosed,Bangalore/Bengaluru,Data analysisAnalyticalEquitySecurity servicesData qualityData Analystdata visualizationOracle,https://www.naukri.com/job-listings-data-analyst-short-term-onsite-fallyn-technology-hyderabad-secunderabad-pune-bangalore-bengaluru-4-to-9-years-031023006271,30+ Days Ago
Data Analyst,Futurlytic,3-7 Yrs,Not disclosed,"Kolkata, Mumbai, New Delhi, Hyderabad/Secunderabad, Pune, Chennai, Bangalore/Bengaluru",Data analysisAnalyticalEquitySecurity servicesWellnessData qualityData Analystdata visualization,https://www.naukri.com/job-listings-data-analyst-futurlytic-bangalore-bengaluru-karnataka-1-to-2-years-021023002463,30+ Days Ago
Data Analyst,Etomate Technology,2-5 Yrs,Not disclosed,Mumbai,Data analysisAnalyticalRelationship buildingAgileOracleEconometricsTeradataOpen source,https://www.naukri.com/job-listings-data-analyst-etomate-technology-llp-bangalore-bengaluru-1-to-4-years-240322502079,30+ Days Ago
Sr Data Analyst,Magnit,15-18 Yrs,Not disclosed,Bangalore/Bengaluru,reportsautomationbegood communication skillssql pl sqldata warehousingdashboardsdata analyst,https://www.naukri.com/job-listings-sr-data-analyst-magnit-vadodara-baroda-3-to-5-years-231023502277,30+ Days Ago
Data Analyst,Gnani Innovations,6-7 Yrs,Not disclosed,"New Delhi, Bangalore/Bengaluru",TrainingSANAnalyticalWellnessData AnalystAnalyst IIQuality analysisOperations,https://www.naukri.com/job-listings-data-analyst-gnani-innovations-bangalore-bengaluru-3-to-5-years-200323501979,21 Days Ago
Data Analyst,Gnani Innovations,5-10 Yrs,Not disclosed,Bangalore/Bengaluru,ExcelAnalyticalConsultingMarket researchData qualityData miningForecastingOperations,https://www.naukri.com/job-listings-data-analyst-gnani-ai-bangalore-bengaluru-3-to-5-years-160323501946,30+ Days Ago
Lead Data Analyst,Target,3-8 Yrs,Not disclosed,Bangalore/Bengaluru,Google AnalyticsjQueryadobe analyticsAnalyticalDiversity and InclusionJavascriptHTMLHTTP,https://www.naukri.com/job-listings-lead-data-analyst-target-corporation-india-pvt-ltd-bangalore-bengaluru-7-to-12-years-110923500371,30+ Days Ago
HR Data Analyst,John Cockerill,2-8 Yrs,Not disclosed,Bangalore/Bengaluru,ProcurementPDFData modelingAnalyticalDebuggingData qualityData AnalystAnalytics,https://www.naukri.com/job-listings-hr-data-analyst-john-cockerill-mumbai-1-to-2-years-080823501316,30+ Days Ago
Data Analyst,TMD - The Modern Dimension,3-5 Yrs,Not disclosed,Bangalore/Bengaluru,tableauGoogle AnalyticsExcelMISqueryCloudData AnalystSQL,https://www.naukri.com/job-listings-data-analyst-tmd-the-modern-dimension-new-delhi-bangalore-bengaluru-3-to-8-years-300821501009,30+ Days Ago
Senior Data Analyst,Mediamath,4-7 Yrs,Not disclosed,"Hyderabad/Secunderabad, Coimbatore, Bangalore/Bengaluru",MiningTechnical writingFinanceData AnalystGeneral managementData miningAnalyticsSQL,https://www.naukri.com/job-listings-senior-data-analyst-mediamath-bangalore-bengaluru-8-to-13-years-300622500372,29 Days Ago
Data Analyst,Nextgrowth Labs,3-5 Yrs,Not disclosed,"Hyderabad/Secunderabad, Coimbatore, Bangalore/Bengaluru",MiningOperations researchSASStaffingMarket researchFMCGMS OfficeOracle,https://www.naukri.com/job-listings-data-analyst-nextgrowth-labs-bangalore-bengaluru-1-to-4-years-300322500811,30+ Days Ago
Data Analyst,KPI Partners,1-6 Yrs,Not disclosed,"Hybrid - Hyderabad/Secunderabad, Pune, Maharashtra, Bangalore/Bengaluru",Relationship managementData analysisBusiness analysisAnalyticalProject managementPharmaData Analystbig data,https://www.naukri.com/job-listings-data-analyst-kpi-partners-inc-kolkata-mumbai-new-delhi-hyderabad-secunderabad-pune-chennai-bangalore-bengaluru-5-to-10-years-290823503007,30+ Days Ago
Procurement Data analyst,Ascendion Engineering,5-7 Yrs,Not disclosed,Bangalore/Bengaluru,data cleansingReport generationData analysismetadataManager Quality Assurancedata integrityManagementTroubleshooting,https://www.naukri.com/job-listings-procurement-data-analyst-ascendion-bangalore-bengaluru-2-to-5-years-290423500108,30+ Days Ago
Data Analyst - Manager,Value Vision Management Consultants,5-6 Yrs,Not disclosed,Bangalore/Bengaluru,ETLData WarehousingData ModelingData IntegrationWarehouseDataIntegrationModeling,https://www.naukri.com/job-listings-data-analyst-manager-value-vision-management-consultants-bangalore-bengaluru-8-to-12-years-281222501241,30+ Days Ago
Data Analyst,Andor Tech,5-7 Yrs,Not disclosed,Bangalore/Bengaluru,Data LakeERPazure data lakeECCAgile MethodologiesDatabricksJIRAAzure Data Factory,https://www.naukri.com/job-listings-data-analyst-andor-tech-india-pvt-ltd-bangalore-bengaluru-5-to-9-years-280923501370,30+ Days Ago
Data Analyst - Power BI,Gramener,2-5 Yrs,Not disclosed,Bengaluru,AgileAzure Data LakeAzure DatabricksJIRAERPExceldata analysisSQL,https://www.naukri.com/job-listings-data-analyst-power-bi-gramener-it-services-hyderabad-secunderabad-coimbatore-bangalore-bengaluru-5-to-10-years-280823501996,30+ Days Ago
Data Analyst - Power BI,Gramener,2-3 Yrs,Not disclosed,Bangalore/Bengaluru,BasicExcelSenior Data Analystpower bidata visualizationAWSSQLPython,https://www.naukri.com/job-listings-data-analyst-power-bi-gramener-it-services-hyderabad-secunderabad-coimbatore-bangalore-bengaluru-5-to-9-years-280823501995,30+ Days Ago
Data Analyst,KPI Partners,1-4 Yrs,Not disclosed,Bangalore/Bengaluru,tableauAnalyticalConsultingpower biStakeholder managementAnalyticsRecruitmentSQL,https://www.naukri.com/job-listings-data-analyst-kpi-partners-hyderabad-secunderabad-pune-maharashtra-bangalore-bengaluru-5-to-10-years-270923006318,30+ Days Ago
HRIS Data Analyst,Infoblox,2-3 Yrs,Not disclosed,Bangalore/Bengaluru,Data AnalystDataData analysis,https://www.naukri.com/job-listings-hris-data-analyst-infoblox-bangalore-bengaluru-2-to-6-years-260823501413,30+ Days Ago
HRIS Data Analyst,Snaproute,5-7 Yrs,Not disclosed,Bengaluru,Data analysisData AnalystLogisticsCommercial AnalystAuditingAnalysisDataCommercial,https://www.naukri.com/job-listings-hris-data-analyst-snaproute-bangalore-bengaluru-2-to-4-years-260823500961,30+ Days Ago
Sr Data Analyst,Target,3-8 Yrs,Not disclosed,Bangalore/Bengaluru,RCAData analysisTalent acquisitionAnalyticalAgileTroubleshootingContinuous improvementForecasting,https://www.naukri.com/job-listings-sr-data-analyst-target-corporation-india-pvt-ltd-bangalore-bengaluru-3-to-8-years-250723500349,30+ Days Ago
Data Analyst,AARNA HR SOLUTIONS PVT. LTD.,2-5 Yrs,Not disclosed,Bangalore/Bengaluru,IT servicesMiningData analysisAutomationData managementXMLAnalyticalOperations,https://www.naukri.com/job-listings-data-analyst-aarna-hr-solutions-pvt-ltd-bengaluru-bangalore-3-to-7-years-231116500025,30+ Days Ago
Data Analyst II,Postman,3-6 Yrs,Not disclosed,Bangalore/Bengaluru,Computer scienceData analysisdata servicesAnalyticalMachine learningHealthcareGeneticsData mining,https://www.naukri.com/job-listings-data-analyst-ii-postman-bangalore-bengaluru-2-to-5-years-230823502356,30+ Days Ago
Data Analyst,Cityinfo Services,2-5 Yrs,Not disclosed,Bangalore/Bengaluru,Career developmentData analysisData managementCodingdata governanceOracleInformation technologyFinancial services,https://www.naukri.com/job-listings-data-analyst-cityinfo-services-pvt-ltd-bangalore-bengaluru-15-to-18-years-210622501601,30+ Days Ago
Data Analyst Lead,DDB Network,1-3 Yrs,Not disclosed,Bangalore/Bengaluru,Data analysisAutomationData managementData processingData qualityInformation technologyFinancial servicesAnalytics,https://www.naukri.com/job-listings-data-analyst-lead-ddb-network-bangalore-bengaluru-6-to-7-years-200922501993,30+ Days Ago
Sr Data Analyst,Codehall Technology,2-4 Yrs,Not disclosed,Hyderabad/Secunderabad,Application designERPExcelECCVLOOKUPAgileData AnalystJIRA,https://www.naukri.com/job-listings-sr-data-analyst-codehall-technology-bengaluru-bangalore-5-to-10-years-200819501237,30+ Days Ago
Data Analyst,Finkraft,1-6 Yrs,Not disclosed,Bangalore/Bengaluru,Design PatternsSQLtechnical analystprogramming languageSpacyApi Callshidden gemsJupiter Notebook,https://www.naukri.com/job-listings-data-analyst-finkraft-bangalore-bengaluru-3-to-8-years-200623500286,15 Days Ago
Data Analyst,RDA Labs,2-7 Yrs,Not disclosed,Bangalore/Bengaluru,VisualizationAnalysisStatisticsData Collection and ManagementComplianceStatisticalCleaningInterpretation,https://www.naukri.com/job-listings-data-analyst-rdalabs-india-pvt-ltd-bangalore-bengaluru-1-to-4-years-170623500836,15 Days Ago
Data Analyst,CAMSDATA,3-7 Yrs,Not disclosed,Bangalore/Bengaluru,SAPETLData TransformationData AnalysisData ExtractionData CleansingDataCleansing,https://www.naukri.com/job-listings-data-analyst-camsdata-technologies-india-pvt-ltd-bangalore-bengaluru-2-to-8-years-160822501643,15 Days Ago
Data Analyst,Fashalot,12-15 Yrs,Not disclosed,Bangalore/Bengaluru,Data analysisData managementData modelingProject managementData AnalystBusiness intelligenceSDLCAnalytics,https://www.naukri.com/job-listings-data-analyst-fashalot-bangalore-bengaluru-2-to-7-years-141222502421,16 Days Ago
Data Analyst,Skillety,2-5 Yrs,Not disclosed,Bangalore/Bengaluru,AutomationRDBMSPLSQLData AnalystQlikViewMacrosBusiness ExecutiveAnalytics,https://www.naukri.com/job-listings-data-analyst-skillety-bangalore-bengaluru-3-to-5-years-131222500133,18 Days Ago
"Sr. Specialist, DD&IT IM Data Analyst",Novartis,2-5 Yrs,Not disclosed,Bangalore/Bengaluru,Marketing analyticsdata scienceBfsiSales analyticsSales forecastingHealthcareE-commerceMarketing Analyst,https://www.naukri.com/job-listings-sr-specialist-dd-it-im-data-analyst-novartis-healthcare-pvt-ltd-hyderabad-secunderabad-4-to-7-years-121023502688,30+ Days Ago
Data Analyst,Alten India,1-3 Yrs,Not disclosed,Bangalore/Bengaluru,Data analysisExcelFocusSenior Data AnalystGlobal StrategyFinancial operationsBusiness understandingCRM,https://www.naukri.com/job-listings-data-analyst-alten-india-bangalore-bengaluru-3-to-5-years-121023500443,30+ Days Ago
Data Analyst,Experis,2-3 Yrs,Not disclosed,"Kolkata, Mumbai, New Delhi, Hyderabad/Secunderabad, Pune, Chennai, Bangalore/Bengaluru",Data analysisExcelFocusSenior Data AnalystGlobal StrategyFinancial operationsBusiness understandingCRM,https://www.naukri.com/job-listings-data-analyst-experis-bangalore-bengaluru-1-to-6-years-121023009866,18 Days Ago
Finance Data Lake - Data Analyst,FresherMart,2-7 Yrs,Not disclosed,Bangalore/Bengaluru,Data validationUsageData analysisExcelAnalyticalAdvanced ExcelData AnalystMacros,https://www.naukri.com/job-listings-finance-data-lake-data-analyst-freshermart-bangalore-bengaluru-5-to-7-years-111023907903,18 Days Ago
Data Analyst,FresherMart,1-5 Yrs,Not disclosed,Bangalore/Bengaluru,Data migrationoperational supportAnalyticalData qualityWindowsMedical insuranceSQLSalesforce,https://www.naukri.com/job-listings-data-analyst-freshermart-bangalore-bengaluru-5-to-6-years-101023906104,18 Days Ago
Data Analyst,Diverse Lynx,3-5 Yrs,Not disclosed,"Kolkata, Mumbai, New Delhi, Hyderabad/Secunderabad, Pune, Chennai, Bangalore/Bengaluru",XMLSSRSJavascriptASP.NetJSONData AnalystVisual StudioVisio,https://www.naukri.com/job-listings-data-analyst-diverse-lynx-bangalore-bengaluru-5-to-7-years-100523501220,30+ Days Ago
"Senior Data Analyst, Fintech (Payments)",Booking Holdings,1-5 Yrs,Not disclosed,Bangalore/Bengaluru,metadataManager Quality AssuranceData AnalystManagementSQLdata profilingdataquality management,https://www.naukri.com/job-listings-senior-data-analyst-fintech-payments-booking-holdings-bangalore-bengaluru-2-to-5-years-100423501347,30+ Days Ago
Data Analyst,Lycadigital,4-9 Yrs,Not disclosed,Bangalore/Bengaluru,Report generationData Analystgenerationdatadata analysisreporting,https://www.naukri.com/job-listings-data-analyst-lycadigital-bangalore-bengaluru-2-to-3-years-091023501581,30+ Days Ago
Commercial Analyst / Data Analyst,Printo Document Services Pvt. Ltd,2-4 Yrs,1-4 Lacs PA,Bangalore/Bengaluru,Analytical skillsfedexNetworkingTechnical ExpertCorporateInfrastructureGeneticsData Analyst,https://www.naukri.com/job-listings-commercial-analyst-data-analyst-printo-document-services-pvt-ltd-kolkata-mumbai-new-delhi-hyderabad-secunderabad-pune-chennai-bangalore-bengaluru-1-to-4-years-091023501029,30+ Days Ago
Data Analyst,Target,2-5 Yrs,Not disclosed,"Hybrid - Bangalore/ Bengaluru, Karnataka",Business reportingData AnalystManagementdatadata analysisreporting,https://www.naukri.com/job-listings-data-analyst-target-corporation-india-pvt-ltd-bangalore-bengaluru-2-to-3-years-091023500659,21 Days Ago
Data Analyst,Mm Staffing & Career Consultants,1-2 Yrs,6-12 Lacs PA,"Bangalore/ Bengaluru, Karnataka",Lean manufacturingAnalyticalData AnalystManagementData miningContinuous improvementOperationsCost,https://www.naukri.com/job-listings-data-analyst-mm-staffing-career-consultants-private-limited-bangalore-bengaluru-5-to-7-years-081222503253,24 Days Ago
Finance Data Lake - Data Analyst,JK Technology Services,1-3 Yrs,Not disclosed,"Noida, Pune, Bangalore/Bengaluru",Data analysisInterpersonal skillsExcelAgile developmentData collectionData Analystdata mappingInformation technology,https://www.naukri.com/job-listings-finance-data-lake-data-analyst-jk-technology-services-bangalore-bengaluru-2-to-5-years-061023501022,30+ Days Ago
Technical Data Analyst,Systechcorp Inc,2-5 Yrs,Not disclosed,Bangalore/Bengaluru,Data AnalysisSacSap Analytics CloudSAP BWData ProcessingBWProcessAnalysis,https://www.naukri.com/job-listings-technical-data-analyst-systechcorp-inc-bangalore-bengaluru-karnataka-1-to-3-years-041023006141,30+ Days Ago
Data Analyst,Strides Pharma Science,2-5 Yrs,Not disclosed,Bangalore/Bengaluru,Data AnalystDataData analysis,https://www.naukri.com/job-listings-data-analyst-strides-pharma-science-bangalore-bengaluru-karnataka-2-to-4-years-041023005738,30+ Days Ago
Product Data Analyst,Experis,1-3 Yrs,Not disclosed,Bangalore/Bengaluru,data cleansingReport generationmetadataManager Quality Assurancedata integrityData AnalystManagementTroubleshooting,https://www.naukri.com/job-listings-product-data-analyst-experis-bangalore-bengaluru-1-to-6-years-041023005488,30+ Days Ago
Data Analyst,Kaleidofin,2-6 Yrs,Not disclosed,"Kolkata, Mumbai, New Delhi, Hyderabad/Secunderabad, Pune, Chennai, Bangalore/Bengaluru",data cleansingData analysisVisual BasicArchitectureData modelingManager TechnologyData qualityData Analyst,https://www.naukri.com/job-listings-data-analyst-kaleidofin-chennai-bangalore-bengaluru-2-to-7-years-040123502447,30+ Days Ago
Data Analyst,AARNA HR SOLUTIONS PVT. LTD.,3-4 Yrs,Not disclosed,Bangalore/Bengaluru,AutomationCodingAnalyticalReconciliationConsultingFinancial operationsData AnalystConditional formatting,https://www.naukri.com/job-listings-data-analyst-aarna-hr-solutions-pvt-ltd-bengaluru-bangalore-3-to-7-years-030417502252,28 Days Ago
Senior Data Analyst,Bottomline Media,1-3 Yrs,Not disclosed,"Hyderabad/Secunderabad, Chennai, Bangalore/Bengaluru",MS SQLPDFOperating systemsRDBMSPostgresqlIT skillsMS WordData Analyst,https://www.naukri.com/job-listings-senior-data-analyst-bottomline-media-pvt-ltd-bangalore-bengaluru-2-to-5-years-020923500238,30+ Days Ago
Senior Data Analyst,Bottomline Technologies,5-10 Yrs,Not disclosed,"Mumbai, New Delhi, Pune, Bangalore/Bengaluru",Market analysisData analysisNetworkingConsultingWorkflowMacrosConsumer electronicsSQL,https://www.naukri.com/job-listings-senior-data-analyst-bottomline-technologies-bangalore-bengaluru-2-to-5-years-020923500055,30+ Days Ago
data analyst,infoveave,3-7 Yrs,Not disclosed,Bangalore/Bengaluru,People AnalyticsHr ReportingHR AnalyticsPredictive AnalyticsNLPMSC in analyticsKnimeAdvanced Machine Leaning,https://www.naukri.com/job-listings-data-analyst-infoveave-bangalore-bengaluru-1-to-3-years-291222501110,15 Days Ago
Data Analyst,Thompsons HR Consulting,1-2 Yrs,Not disclosed,Bangalore/Bengaluru,Health insuranceData analysisClaimsProject estimationExcelPharmaAgileHealthcare,https://www.naukri.com/job-listings-data-analyst-thompsons-hr-consulting-bangalore-bengaluru-2-to-7-years-250422500932,30+ Days Ago
Data Analyst,Diverse Lynx,3-6 Yrs,Not disclosed,Bengaluru,BuildingInternet surfingEnglish languageprocessTargetExcellevelVLOOKUP,https://www.naukri.com/job-listings-data-analyst-diverse-lynx-bangalore-bengaluru-1-to-5-years-220222501324,30+ Days Ago
Data Analyst,Demos Project,10-12 Yrs,Not disclosed,Pune,Computer scienceSANData analysisCodingAnalyticalArtificial IntelligenceData processingData structures,https://www.naukri.com/job-listings-data-analyst-demos-project-pvt-ltd-hyderabad-secunderabad-chennai-bangalore-bengaluru-3-to-5-years-170123501369,30+ Days Ago
Data Analyst - Analyst/Senior,FedEx TSCS (India) Pvt Ltd,6-8 Yrs,Not disclosed,Bangalore/Bengaluru,Computer scienceRetailData analysisSenior Data AnalystStatistical softwareE-commerceMathematicsStatistics,https://www.naukri.com/job-listings-data-analyst-analyst-senior-fedex-tscs-india-pvt-ltd-mumbai-new-delhi-pune-bangalore-bengaluru-1-to-5-years-121023501327,23 Days Ago
DATA ANALYST,Diverse Lynx,5-9 Yrs,Not disclosed,"Ahmedabad, Gujarat",MIS reportingData analysisExcelFinancial analysisAccountingStrategic planningManager TechnologyE-commerce,https://www.naukri.com/job-listings-data-analyst-diverse-lynx-bangalore-bengaluru-4-to-9-years-101122500791,30+ Days Ago
Data Analyst,Xpheno,3-6 Yrs,Not disclosed,Bangalore/Bengaluru,Data Analystdata analysisdata,https://www.naukri.com/job-listings-data-analyst-xpheno-bangalore-bengaluru-2-to-4-years-100123500067,29 Days Ago
Data Analyst,NovoTree Minds Consulting Pvt. Ltd.,3-5 Yrs,Not disclosed,Bangalore/Bengaluru,StaffingData AnalystData warehousingSQLWarehouseData analysisData,https://www.naukri.com/job-listings-data-analyst-novotree-minds-consulting-pvt-ltd-bangalore-bengaluru-2-to-5-years-081021500061,30+ Days Ago
Data Analyst,V Align Technologies,3-5 Yrs,Not disclosed,Bangalore/Bengaluru,Data analysisReport writingAgile developmentConsultingDatabaseBusiness intelligencebig dataSQL,https://www.naukri.com/job-listings-data-analyst-v-align-technologies-bengaluru-bangalore-1-to-2-years-050219500287,29 Days Ago
Data Analyst,Travel Centric Technology,2-5 Yrs,Not disclosed,Bangalore/Bengaluru,data cleansingAnalystData analysisExcelSalesdata governanceCRMSalesforce,https://www.naukri.com/job-listings-data-analyst-travel-centric-technology-bangalore-bengaluru-2-to-7-years-040322500902,30+ Days Ago
Sap Data Analyst,Squirrel Softech Services,2-5 Yrs,Not disclosed,Bangalore/Bengaluru,TelecomData analysisProcess improvementAnalyticalSenior Data AnalystData collectionData qualityData Analyst,https://www.naukri.com/job-listings-sap-data-analyst-squirrel-softech-services-ahmedabad-gujarat-0-to-2-years-290923005817,30+ Days Ago
Data Analyst,Alliances Galore,3-6 Yrs,Not disclosed,Bangalore/Bengaluru,data cleansingReport generationmetadataManager Quality Assurancedata integrityData AnalystManagementTroubleshooting,https://www.naukri.com/job-listings-data-analyst-alliances-galore-private-limited-bangalore-bengaluru-1-to-3-years-290523500762,30+ Days Ago
Data Analyst,Material Depot,5-10 Yrs,Not disclosed,"Hyderabad/ Secunderabad, Telangana",AdvancedAnalyticalData AnalystMS OfficeDataOfficeData analysisAnalytics,https://www.naukri.com/job-listings-data-analyst-material-depot-bangalore-bengaluru-2-to-5-years-280923502305,30+ Days Ago
Financial Ops Data Analyst,Aeries Technology,5-7 Yrs,Not disclosed,"Kolkata, Mumbai, New Delhi, Hyderabad/Secunderabad, Pune, Chennai, Bangalore/Bengaluru",People developmentRenewable energyReporting Analystdata reportingEngineering project managementproduct life cycleSuccession planningData quality,https://www.naukri.com/job-listings-financial-ops-data-analyst-aeries-technology-group-bangalore-bengaluru-1-to-3-years-280722501717,30+ Days Ago
BI Data Analyst,Coders Brain Pvt Ltd,1-3 Yrs,Not disclosed,Bangalore/Bengaluru,TrainingAnalyticalE-commerceData AnalystContinuous improvementanalyticsdatadata analysis,https://www.naukri.com/job-listings-bi-data-analyst-coders-brain-pvt-ltd-bangalore-bengaluru-2-to-6-years-250823500555,30+ Days Ago
Data Analyst,Add On It Systems,5-7 Yrs,Not disclosed,Bangalore/Bengaluru,Analytical skillsQuanvertData validationMarket researchData processingData AnalystSPSSMS Office,https://www.naukri.com/job-listings-data-analyst-add-on-it-systems-bangalore-bengaluru-3-to-4-years-200822500571,30+ Days Ago
Data Analyst,Canalys,2-4 Yrs,Not disclosed,"Hyderabad/Secunderabad, Bangalore/Bengaluru",UsageData AnalystUser managementmanagementdatadata analysis,https://www.naukri.com/job-listings-data-analyst-canalys-bangalore-bengaluru-4-to-9-years-200722501934,30+ Days Ago
Human Resources (HR) Data Analyst,Tech Mahindra,1-2 Yrs,Not disclosed,"Hyderabad/Secunderabad, Bangalore/Bengaluru",Data validationISOHealthcareMarket researchData processingSPSSMS OfficeProject delivery,https://www.naukri.com/job-listings-human-resources-hr-data-analyst-tech-mahindra-hyderabad-secunderabad-telangana-1-to-3-years-191023005154,30+ Days Ago
Sr Data Analyst,Codehall Technology,0-0 Yrs,Not disclosed,Bangalore/Bengaluru,TrainingInvestment productsFinancial marketsInvestment researchData Research AnalystDatabasebusiness rulesData quality,https://www.naukri.com/job-listings-sr-data-analyst-codehall-technology-bangalore-bengaluru-5-to-10-years-170719501578,30+ Days Ago
Payer Data Analyst,Star4rall It Solutions,3-8 Yrs,Not disclosed,Bangalore/Bengaluru,Data analysisCodingProcess improvementSAS Rdata governancepower biPredictive modelingStatistics,https://www.naukri.com/job-listings-payer-data-analyst-star4rall-it-solutions-private-limited-kolkata-mumbai-new-delhi-hyderabad-secunderabad-pune-chennai-bangalore-bengaluru-3-to-7-years-170323502157,30+ Days Ago
Data Analyst,Lobotus Technology Private Limited,0-3 Yrs,Not disclosed,Bangalore/Bengaluru,fresherOperationsFieldData,https://www.naukri.com/job-listings-data-analyst-lobotus-technology-private-limited-bangalore-bengaluru-3-to-5-years-160518500528,30+ Days Ago
Data Analyst,Xtreme Management Solutions,2-5 Yrs,Not disclosed,Bangalore/Bengaluru,Technical product configurationc++CdesignMySQLJavaScriptintegration PHPHTML,https://www.naukri.com/job-listings-data-analyst-xtreme-management-solutions-bangalore-bengaluru-1-to-2-years-130722500725,30+ Days Ago
Senior Data Analyst,Quince Corporate Services,4-6 Yrs,Not disclosed,Bangalore/Bengaluru,MiningB2BPDFLegalData collectionData Research AnalystRepresentativeresearch,https://www.naukri.com/job-listings-senior-data-analyst-quince-hyderabad-secunderabad-bangalore-bengaluru-3-to-6-years-121222503018,30+ Days Ago
Manager - Data Analyst,Quince Corporate Services,2-5 Yrs,Not disclosed,Bangalore/Bengaluru,tableauExcelReconciliationData AnalystManagementManagement reportingSQLPython,https://www.naukri.com/job-listings-manager-data-analyst-quince-hyderabad-secunderabad-bangalore-bengaluru-10-to-12-years-121222503017,30+ Days Ago
Data Analyst,Laundryheap Limited,10-15 Yrs,Not disclosed,Bangalore/Bengaluru,SAPMicrobiologyChemical engineeringPackagingFood safetyRegulatory affairsContinuous improvementMS Office,https://www.naukri.com/job-listings-data-analyst-laundryheap-limited-bangalore-bengaluru-6-to-8-years-110523500928,30+ Days Ago
Data Analyst,Skillety,2-6 Yrs,Not disclosed,Bangalore/Bengaluru,AzureSQL QueriesSQLAzure Data FactorySQL AzureDataMicrosoft AzureQuery,https://www.naukri.com/job-listings-data-analyst-skillety-bangalore-bengaluru-5-to-9-years-110523500795,30+ Days Ago
Data Analyst,Xpheno,3-8 Yrs,Not disclosed,Bangalore/Bengaluru,Data managementDatabaseOLAPpower biData AnalystData qualitydata visualizationStored procedures,https://www.naukri.com/job-listings-data-analyst-xpheno-bangalore-bengaluru-3-to-6-years-100123500145,30+ Days Ago
Data Analyst II,Xpheno,4-9 Yrs,Not disclosed,Bangalore/Bengaluru,Analytical SkillsData EngineeringData WranglingData InterpretationData ExtractionData VerificationData CollectionData Processing,https://www.naukri.com/job-listings-data-analyst-ii-xpheno-bangalore-bengaluru-3-to-5-years-100123500080,30+ Days Ago
Sr. Data Analyst,Mm Staffing & Career Consultants,3-7 Yrs,Not disclosed,Bangalore/Bengaluru,Computer scienceCostingCodingAnalyticalData collectionData processingData qualityMS Office,https://www.naukri.com/job-listings-sr-data-analyst-mm-staffing-career-consultants-private-limited-bangalore-bengaluru-5-to-8-years-081222503507,30+ Days Ago
Data Analyst,Heptarc Technology Solution,3-8 Yrs,Not disclosed,Bangalore/Bengaluru,Data analysisData managementSocial serviceProgrammingpower biData Analystdata visualizationinternational clients,https://www.naukri.com/job-listings-data-analyst-heptarc-technology-solution-bangalore-bengaluru-2-to-5-years-080623502193,30+ Days Ago
Data Analyst,Q-DAT IT SOLUTIONS PVT. LTD.,0-1 Yrs,Not disclosed,Bangalore/Bengaluru,SAPMaster Data ManagementMaterial MasterVendor MasterMDGSap Master DataSAP MMMDM,https://www.naukri.com/job-listings-data-analyst-q-dat-it-solutions-pvt-ltd-bangalore-bengaluru-2-to-5-years-070918500889,30+ Days Ago
Data Analyst,Nurture Software Solutions,0-1 Yrs,Not disclosed,Bangalore/Bengaluru,SAS MacrosSAPclinical developmentClinical researchClinical Data AnalystHTMLLife sciencesManagement,https://www.naukri.com/job-listings-data-analyst-nurture-software-solutions-pvt-ltd-bangalore-bengaluru-3-to-6-years-060623500069,30+ Days Ago
Data Analysts,Cotocus Com,3-6 Yrs,Not disclosed,Mumbai (All Areas),Data AnalysisPower BiData VisualizationTableauSQLDataAnalysisClient,https://www.naukri.com/job-listings-data-analysts-cotocus-com-bangalore-bengaluru-1-to-4-years-041022501001,30+ Days Ago
Data Analyst,M3 (eu) Ltd,0-1 Yrs,Not disclosed,Hyderabad/Secunderabad,SQL queriesData analysisExcelVBANetworkingAnalyticalFinanceManager Technology,https://www.naukri.com/job-listings-data-analyst-m3-eu-ltd-bangalore-bengaluru-5-to-7-years-040423500015,30+ Days Ago
Data Analyst,Bsharp,4-9 Yrs,Not disclosed,Pune,Operations ManagerDiagnosticsProcess improvementAnalyticalEquityAgileData qualityManager Quality Control,https://www.naukri.com/job-listings-data-analyst-bsharp-sales-enablers-bangalore-bengaluru-1-to-3-years-021122501027,30+ Days Ago
Data Analyst - DS (Quantum),M360 Research,1-4 Yrs,Not disclosed,Noida,Data AnalysisPythonPower BiData VisualizationTableauSQLBiAnalysis,https://www.naukri.com/job-listings-data-analyst-ds-quantum-m360-research-bangalore-bengaluru-5-to-7-years-020323501292,30+ Days Ago
Data Analyst,Gravity-tech,7-12 Yrs,Not disclosed,"Hybrid - Hyderabad/ Secunderabad, Telangana, Gurgaon/ Gurugram, Haryana, Bangalore/ Bengaluru, Karnataka",Global marketingHospitalityDatabase marketingEmail marketingCampaign managementData managementEvent managementMarketing campaigns,https://www.naukri.com/job-listings-data-analyst-gravity-tech-pune-1-to-2-years-310723500172,30+ Days Ago
Data Analyst Fielding Operations,Talent Corner Hr Services,4-9 Yrs,7-10 Lacs PA,Bangalore/Bengaluru,Product managementComputer scienceData modelingAgilePLSQLWorkflowHealthcareData mining,https://www.naukri.com/job-listings-data-analyst-fielding-operations-talent-corner-hr-services-mumbai-all-areas-0-to-0-years-200923608443,1 Day Ago
Senior Data Analysts,Pratibha Analytics,4-7 Yrs,Not disclosed,Mumbai (All Areas)(Powai),MlPythonRAi AlgorithmsNatural Language ProcessingDeep LearningDataLanguages,https://www.naukri.com/job-listings-senior-data-analysts-pratibha-analytics-hyderabad-secunderabad-3-to-8-years-161017502335,2 Days Ago
Data Analyst,IndiaMART,8-12 Yrs,"5,000/month",Gurgaon/Gurugram,Neural networksBusiness analyticsMySQLMachine learningData collectionData structuresInformation retrievalmarket data,https://www.naukri.com/job-listings-data-analyst-indiamart-intermesh-ltd-noida-2-to-5-years-101222500222,12 Days Ago
R&D Specification Management Data Analysts,Pepsi Foods,4-6 Yrs,Not disclosed,Remote,data scienceCodingMachine learningdata visualizationDigital marketingEconometricsOpen sourceAnalytics,https://www.naukri.com/job-listings-r-d-specification-management-data-analysts-pepsi-foods-priv-limited-hyderabad-secunderabad-4-to-6-years-060723501859,30+ Days Ago
IT Data Analyst (SQL & Azure),Syneos Health,4-9 Yrs,4.5-6.5 Lacs PA,Chandigarh,IVROpen sourceAnalyticsJavaDynamo DB ServersDynamo dbAmazon ConnectNode JS,https://www.naukri.com/job-listings-it-data-analyst-sql-azure-syneos-health-hyderabad-secunderabad-telangana-gurgaon-gurugram-haryana-bangalore-bengaluru-karnataka-2-to-5-years-271023013128,Starts within 1 month
Principal Data Analyst,TVS Motor,2-7 Yrs,Not disclosed,"Hybrid - Pimpri-Chinchwad, Maharashtra, Pune, Maharashtra",Text miningImage processingOpenCVPythontext analyticsTensorflowKerasNumpy,https://www.naukri.com/job-listings-principal-data-analyst-tvs-motor-company-bangalore-bengaluru-10-to-15-years-251023500825,7 Days Ago
Deputy Manager - Data Analyst,Schneider Electric,5-10 Yrs,1-3.5 Lacs PA,"Chennai, Bangalore/Bengaluru",Data ScienceBayesianStatistical ModelingPytorchProbabilisticMachine LearningPredictive AnalyticsPython,https://www.naukri.com/job-listings-deputy-manager-data-analyst-schneider-electric-mumbai-all-areas-2-to-6-years-171023006145,14 Days Ago
Data Analyst Analyst (Asst. / Deputy Manager),Dainik Bhaskar Group,4-9 Yrs,1-3 Lacs PA,"Chennai, Tamil Nadu",Data SciencePredictive ModelingpythonStatistical Modelingmathematical programmingModelingSciencePredictive,https://www.naukri.com/job-listings-data-analyst-analyst-asst-deputy-manager-dainik-bhaskar-group-bhopal-madhya-pradesh-3-to-8-years-080823010291,30+ Days Ago
Data Analyst - Pricing & Costing,Varuna Integrated Logistics Pvt. Ltd,2-5 Yrs,Not disclosed,"Chennai, Tamil Nadu",data scienceCodingConsultingManager Quality ControlRisk managementPortfolio managementAnalyticsSQL,https://www.naukri.com/job-listings-data-analyst-pricing-costing-varuna-integrated-logistics-pvt-ltd-gurgaon-gurugram-4-to-9-years-020923500394,29 Days Ago
"G & PS Human, Health & Social Service Data Analyst",KPMG Global Services Private Limited,3-6 Yrs,1-3.5 Lacs PA,Mumbai,TensorflowPytorchmachine learningpythonscikitlearnDataMachineScikit-learn,https://www.naukri.com/job-listings-g-ps-human-health-social-service-data-analyst-kpmg-india-chandigarh-1-to-4-years-201023501710,30+ Days Ago
Clinical Data Analyst,NAVITAS LIFE SCIENCES,3-6 Yrs,Not disclosed,"Noida, Gurgaon/Gurugram",Supply chainBusiness servicesData analysisTrade financeProject managementAnalyticalData qualityContinuous improvement,https://www.naukri.com/job-listings-clinical-data-analyst-navitas-llp-chennai-bangalore-bengaluru-3-to-8-years-050722500751,15 Days Ago
Openings For Data analyst Freshers @ Istarbs Client chennai,I Star Business Solutions,1-6 Yrs,Not disclosed,Gurgaon/Gurugram,Data ScienceNatural Language ProcessingComputer VisionMachine LearningDeep LearningComputerDataMachine,https://www.naukri.com/job-listings-openings-for-data-analyst-freshers-istarbs-client-chennai-i-star-business-solutions-chennai-tamil-nadu-0-to-1-years-280923006573,30+ Days Ago
Openings For Data analyst Freshers @ Istarbs Client chennai,I Star Business Solutions,2-3 Yrs,7-14 Lacs PA,Pune,data scienceAnalyticalMachine learningdata visualizationBusiness intelligenceData miningAnalyticsSQL,https://www.naukri.com/job-listings-openings-for-data-analyst-freshers-istarbs-client-chennai-i-star-business-solutions-chennai-tamil-nadu-0-to-1-years-280923006318,30+ Days Ago
SQL DVELOPER CUM DATA ANALYST,Coders Brain Pvt Ltd,7-10 Yrs,Not disclosed,"Noida, Uttar Pradesh",Computer scienceLogistic regressionFactor analysisImage processingdata scienceNeural networksMachine learninglinear regression,https://www.naukri.com/job-listings-sql-dveloper-data-analyst-coders-brain-pvt-ltd-gurgaon-gurugram-5-to-8-years-280823501710,8 Days Ago
Openings For Data analyst Freshers @ Istarbs Client chennai,I Star Business Solutions,0-4 Yrs,Not disclosed,Mumbai,customer analyticsSocial mediaAgileCustomer serviceData miningAnalyticsSQLPython,https://www.naukri.com/job-listings-openings-for-data-analyst-freshers-istarbs-client-chennai-i-star-business-solutions-chennai-tamil-nadu-0-to-1-years-121023007835,13 Days Ago
Business Analyst SQL/SAS/Power BI/R/ Tableau/Data Analyst/ Only @ Hyd,Live Connections,4-6 Yrs,Not disclosed,Hybrid - Pune,Action DataBig DataTreasure DataAWSAzureGCPSQLMicrosoft Azure,https://www.naukri.com/job-listings-business-analyst-sql-sas-power-bi-r-tableau-data-analyst-only-hyd-live-connections-hyderabad-secunderabad-telangana-8-to-13-years-210823003767,30+ Days Ago
Data Analyst For one of the leading Big4,ACME SERVICES PRIVATE LIMITED,8-9 Yrs,Not disclosed,"Kolkata, Hyderabad/Secunderabad, Bangalore/Bengaluru",Data managementData modelingFinanceBankingmarket dataManagementSupervisionQuantitative analysis,https://www.naukri.com/job-listings-data-analyst-for-one-of-the-leading-big4-acme-services-private-limited-noida-bangalore-bengaluru-3-to-8-years-261222002484,1 Day Ago
Data Analyst,MNC Company,5-9 Yrs,Not disclosed,"Hybrid - Bangalore/Bengaluru, Greater Noida",AnalystFund accountingData managementBloombergDiversity and InclusionCapital marketInvestment bankingAsset management,https://www.naukri.com/job-listings-data-analyst-mnc-company-bangalore-bengaluru-karnataka-4-to-7-years-121023010147,1 Day Ago
Data Analyst,Grand Magnum Housing Pvt Ltd,2-7 Yrs,Not disclosed,"Gurgaon/ Gurugram, Haryana",Performance tuningOutboundData conversionScript writingPLSQLToadData AnalystOracle,https://www.naukri.com/job-listings-data-analyst-grand-magnum-housing-pvt-ltd-chennai-tamil-nadu-3-to-5-years-071023004068,10 Days Ago
Financial Data Analyst- Associate 2,PwC,3-8 Yrs,Not disclosed,Bangalore/Bengaluru,Data Research AnalystResearchMS OfficeBusiness ExecutiveStatisticsanalysisdata researchdata,https://www.naukri.com/job-listings-financial-data-analyst-associate-2-pricewaterhouse-coopers-private-limited-kolkata-hyderabad-secunderabad-bangalore-bengaluru-2-to-5-years-271023500259,15 Days Ago
"Hiring For Data Analyst role (SQL, Python)",Coforge,10-14 Yrs,Not disclosed,Coimbatore,topToolsData Research AnalystReport preparationResearchMS OfficeLogicBusiness Executive,https://www.naukri.com/job-listings-hiring-for-data-analyst-role-sql-python-coforge-bangalore-bengaluru-greater-noida-5-to-10-years-171023007482,1 Day Ago
Azure Data Analyst.,Essenware,5-11 Yrs,Not disclosed,Mumbai,Data ManagementBig DataProblem ManagementData WarehousingETLData GovernanceService ManagementGovernance,https://www.naukri.com/job-listings-azure-data-analyst-essenware-private-limted-lakshadweep-chandigarh-new-delhi-ahmedabad-jammu-3-to-5-years-260923500526,30+ Days Ago
Data Analyst - Technology Consulting,Tiger Analytics,5-10 Yrs,Not disclosed,"Gurgaon/ Gurugram, Haryana",Data Research AnalystResearchMS OfficeBusiness ExecutiveStatisticsanalysisdata researchdata,https://www.naukri.com/job-listings-data-analyst-technology-consulting-tiger-analytics-india-consulting-private-limited-hyderabad-secunderabad-chennai-bangalore-bengaluru-5-to-8-years-220923904490,30+ Days Ago
Customer Data Analyst,Progressive Video Llp,3-7 Yrs,Not disclosed,Pune,Data analysisNoSQLdata scienceBusiness analysisCodingAnalyticalProcess improvementMachine learning,https://www.naukri.com/job-listings-customer-data-analyst-progressive-video-llp-bangalore-bengaluru-5-to-6-years-131023005012,23 Days Ago
Customer Data Analyst,Oracle,5-8 Yrs,Not disclosed,Mumbai (All Areas),PythonTheanoRNLPPyTorchData EngineeringKerasMachine Learning,https://www.naukri.com/job-listings-customer-data-analyst-oracle-bangalore-bengaluru-1-to-3-years-060922009927,24 Days Ago
SQL Data Analyst,Essenware,10-20 Yrs,Not disclosed,Mumbai,Jupyter NotebookData SciencePhiXgboostHIPAAPython FrameworkMachine LearningSQL,https://www.naukri.com/job-listings-sql-data-analyst-essenware-private-limted-hyderabad-secunderabad-7-to-12-years-200623500985,30+ Days Ago
Finance Analyst ( Data Analyst ),GroMo,6-9 Yrs,Not disclosed,Pune,SANData migrationWeb servicesMedical codingAnalyticalData miningForecastingInformation technology,https://www.naukri.com/job-listings-finance-analyst-data-analyst-gromo-gurgaon-gurugram-haryana-2-to-5-years-051023006515,3 Days Ago
Lead Data Analyst - Associate Tech Specialist,Essenware,2-7 Yrs,Not disclosed,Hyderabad/Secunderabad,customer analyticsMarketing analyticsdata scienceProcess documentationAnalyticalConsultingMachine learningSilicon,https://www.naukri.com/job-listings-lead-data-analyst-associate-tech-specialist-essenware-private-limted-pune-2-to-4-years-031023501277,4 Days Ago
Associate manager- Data analyst /MIS,Carlsberg,2-5 Yrs,Not disclosed,"Mumbai, Hyderabad/Secunderabad, Hyderabad/Secunderabad, Mumbai",Data analysisdata scienceGCPBusiness analyticsArtificial IntelligenceMachine learningContinuous improvementSQL,https://www.naukri.com/job-listings-associate-manager-data-analyst-mis-carlsberg-mumbai-all-areas-7-to-12-years-031023001628,30+ Days Ago
Sr. Data Analyst,Essenware,10-12 Yrs,Not disclosed,Pune,Strong skill in PythonTableau or Power BI.proficiency in SQLSQLDataPythonTableauPower Bi,https://www.naukri.com/job-listings-sr-data-analyst-essenware-private-limted-hyderabad-secunderabad-8-to-9-years-180423502412,30+ Days Ago
Sr. Business Data Analyst,Sorcero,0-4 Yrs,Not disclosed,Bangalore/Bengaluru,Computer scienceERMData analysisManager Internal AuditInterpersonal skillsBusiness AnalystBusiness analysisProject management,https://www.naukri.com/job-listings-sr-business-data-analyst-sorcero-kolkata-mumbai-new-delhi-hyderabad-secunderabad-pune-chennai-bangalore-bengaluru-5-to-8-years-100423501776,30+ Days Ago
Business Analyst/ Data Analyst,Aptus Data Labs,3-5 Yrs,Not disclosed,Mumbai (All Areas),ERPData modelingBusiness analyticsAnalyticalPredictive modelingmicrosoftData miningBusiness intelligence,https://www.naukri.com/job-listings-business-analyst-data-analyst-aptus-data-labs-bangalore-bengaluru-2-to-7-years-240323501513,1 Day Ago
Financial Data Analysts,CMOTS,4-9 Yrs,Not disclosed,"Hyderabad/Secunderabad, Chennai, Bangalore/Bengaluru",data scienceNatural Language Processingcontent engineeringjupyter notebookWord EmbeddingnumpyMachine LearningData,https://www.naukri.com/job-listings-financial-data-analysts-c-mots-infotech-pvt-ltd-chennai-2-to-4-years-230818500447,1 Day Ago
Sr Data Analyst - SQL developer,Elasticsearch,5-10 Yrs,Not disclosed,Bangalore/Bengaluru,Data ScienceExcelMachine LearningPythonSQLHiveHadoopData,https://www.naukri.com/job-listings-sr-data-analyst-sql-developer-elasticsearch-bangalore-bengaluru-3-to-6-years-261023500387,1 Day Ago
Data Analyst - ETL / SQL,Redbox,3-4 Yrs,Not disclosed,Bangalore/Bengaluru,Data analysisUsageMachine learningInvestigationAnalysisDataMachineLeadership,https://www.naukri.com/job-listings-data-analyst-etl-sql-redbox-bangalore-bengaluru-3-to-5-years-271023905716,1 Day Ago
Clinical Data Analyst - Python/R/SQL,Redbox,5-10 Yrs,Not disclosed,Mumbai,GISGeospatialMachine LearningPythonQgisImage ProcessingRemote SensingData Visualization,https://www.naukri.com/job-listings-clinical-data-analyst-python-r-sql-redbox-kolkata-mumbai-hyderabad-secunderabad-pune-chennai-bangalore-bengaluru-3-to-5-years-271023905712,30+ Days Ago
HR Data Analyst - Workday - Bangalore - 12 pm - 9 pm shift,Indihire Consultants,5-8 Yrs,9.5-16 Lacs PA,Bangalore/Bengaluru,CodingGCPMachine learningJavascriptWorkflowDeploymentAWSBpm,https://www.naukri.com/job-listings-hr-data-analyst-workday-bangalore-12-pm-9-pm-shift-indihire-consultants-bangalore-bengaluru-2-to-7-years-271023012121,1 Day Ago
Data Analyst,TSIT Digital,4-8 Yrs,Not disclosed,"Pune, Maharashtra(Kharadi)",Computer scienceData analysisC++Statistical analysisData collectionAgilePredictive modelingData mining,https://www.naukri.com/job-listings-data-analyst-tsit-digital-hyderabad-secunderabad-chennai-bangalore-bengaluru-6-to-10-years-271023005460,30+ Days Ago
Marketing Data Analyst,KPI Partners,3-7 Yrs,Not disclosed,Hyderabad/Secunderabad,RPythonPytorchPower BiTableauSQLTensorFlowData,https://www.naukri.com/job-listings-marketing-data-analyst-kpi-partners-inc-kolkata-mumbai-new-delhi-hyderabad-secunderabad-pune-chennai-bangalore-bengaluru-1-to-4-years-261023501527,9 Days Ago
Web Data Analyst,MNR Solutions,1-4 Yrs,2-3 Lacs PA,"Noida, United States (USA)",deep learningCodingGCPCloud ServicesMachine learningProgrammingData structuresNatural language processing,https://www.naukri.com/job-listings-web-data-analyst-mnr-solutions-pvt-ltd-bangalore-bengaluru-2-to-5-years-261023500615,10 Days Ago
Data Analyst/ Statistician - Investigation @ Glenmark,Glenmark Pharmaceuticals,12-15 Yrs,Not disclosed,"Hybrid - Pune, Maharashtra(Kharadi)",AnalystData analysisCodingData collectionData analyticsResearchResearch AnalystSQL coding,https://www.naukri.com/job-listings-data-analyst-statistician-investigation-glenmark-glenmark-pharmaceuticals-mumbai-12-to-15-years-230922003652,20 Days Ago
SIEM Automation & Data Analyst,Mindcrest,5-10 Yrs,16-20 Lacs PA,"Pune, Chennai",C++Data modelingStaffingGCPDatabase managementProgrammingData structuresPerl,https://www.naukri.com/job-listings-siem-automation-data-analyst-mindcrest-pune-maharashtra-3-to-8-years-181023009525,7 Days Ago
Trainee Junior Data Analyst,Pharma Recruiters,3-8 Yrs,35-40 Lacs PA,Pune,SoundexFuzzy matchingData AnalysisPythonCosinelevenshteinScienceTrigonometry,https://www.naukri.com/job-listings-trainee-junior-data-analyst-pharma-bhopal-madhya-pradesh-ahmedabad-gujarat-mumbai-all-areas-0-to-0-years-290823004206,25 Days Ago
Insight Data Analyst - Lead : 7+ Yrs Exp,AblyConGlobal,3-5 Yrs,3-8 Lacs PA,Hyderabad/Secunderabad,data managementchaidstatistical techniquesdata miningdocumentationsegmentationanalytical techniquesclustering,https://www.naukri.com/job-listings-insight-data-analyst-lead-7-yrs-exp-ablyconglobal-noida-delhi-ncr-7-to-12-years-300923906988,30+ Days Ago
Data Analyst IV,Realpage,5-8 Yrs,Not disclosed,"Mumbai, Maharashtra, Pune, Maharashtra, Mumbai (All Areas)",Operations managementTeam Lead Operationsonline retailBusiness expansionRetail managementPresalesData AnalystProject delivery,https://www.naukri.com/job-listings-data-analyst-iv-realpage-inc-hyderabad-secunderabad-6-to-9-years-300623501109,30+ Days Ago
Data Analyst,Jobish Hr,5-10 Yrs,Not disclosed,"Hybrid - Pune, Maharashtra",Supply chainManager Quality AssuranceData managementPerformance managementOperational riskBusiness analyticsData processingLife sciences,https://www.naukri.com/job-listings-data-analyst-jobish-hr-mumbai-maharashtra-pune-maharashtra-4-to-9-years-280923005142,30 Days Ago
DATA Analyst,Innovature Technologies India,10-20 Yrs,Not disclosed,Mohali,Product managementData analysisData validationFinancial reportingAnalyticalData collectionbusiness rulesData quality,https://www.naukri.com/job-listings-data-analyst-innovature-technologies-india-pvt-ltd-kochi-cochin-chennai-3-to-8-years-280723503611,30+ Days Ago
Senior Data Analyst,Enhops,1-2 Yrs,Not disclosed,Bangalore/Bengaluru,NLPData AnalysisMachine LearningSQLPythondata extractiondata manipulationdata warehousing,https://www.naukri.com/job-listings-senior-data-analyst-enhops-hyderabad-secunderabad-6-to-11-years-280723500469,30+ Days Ago
Data Analyst,Demandbase,2-7 Yrs,Not disclosed,Hyderabad/Secunderabad,Data analysisData modelingAnalyticalSchemaWorkflowSchedulingAsset managementOperations,https://www.naukri.com/job-listings-data-analyst-demandbase-hyderabad-secunderabad-1-to-4-years-280623501062,10 Days Ago
Data Analyst,Insideview Technologies,5-10 Yrs,Not disclosed,Hyderabad/Secunderabad,Market analysisData analysisManager Quality AssuranceData modelingAnalyticalData collectionMarket researchData mining,https://www.naukri.com/job-listings-data-analyst-insideview-technologies-india-pvt-ltd-hyderabad-secunderabad-1-to-4-years-280623500177,30+ Days Ago
Data Analyst,Jobish Hr,5-6 Yrs,Not disclosed,Chennai,Financial AnalysisData AnalysisFPAFinancial ModellingDataFinanceAnalysisModeling,https://www.naukri.com/job-listings-data-analyst-jobish-hr-mumbai-maharashtra-pune-maharashtra-mumbai-all-areas-4-to-9-years-270923008095,16 Days Ago
Sakon is Hiring For Lead Data Analyst,Sakon,4-8 Yrs,18-20 Lacs PA,Kochi/Cochin,Manager TechnologyData AnalystOpen sourcebig datadata analysisdatatechnologysource,https://www.naukri.com/job-listings-sakon-is-hiring-for-lead-data-analyst-sakon-pune-maharashtra-6-to-8-years-260923007426,30+ Days Ago
Data Analyst,Xenonstack,4-10 Yrs,Not disclosed,Hybrid - Delhi / NCR,Solution architectureData migrationProject managementAnalyticalAgileData AnalystData qualitySSIS,https://www.naukri.com/job-listings-data-analyst-xenonstack-private-ltd-mohali-1-to-3-years-210823501435,30+ Days Ago
PowerBi-Lead Data Analyst,Talent Socio,5-10 Yrs,Not disclosed,Panchkula,Data analysisSASData managementMISData AnalystManager Quality ControlData miningSQL,https://www.naukri.com/job-listings-powerbi-lead-data-analyst-talent-socio-hyderabad-secunderabad-4-to-7-years-130423501870,30+ Days Ago
Senior Data Analyst - PowerBI,Credera,5-9 Yrs,Not disclosed,Remote,Business objectsData analysisSASData modelingDatabase designAnalyticalMySQLData mining,https://www.naukri.com/job-listings-senior-data-analyst-powerbi-credera-hyderabad-secunderabad-5-to-7-years-111023500207,30+ Days Ago
Data Analyst,Magzter Digital,1-3 Yrs,Not disclosed,Jaipur,Computer scienceAnalytical skillsData analysisSASInformation managementBusiness intelligenceMarketing AnalystInformation technology,https://www.naukri.com/job-listings-data-analyst-magzter-digital-private-limited-chennai-2-to-7-years-090623501142,30+ Days Ago
Senior Data Analyst,Prevalent Ai India,1-4 Yrs,Not disclosed,Hyderabad/Secunderabad,Process designData analysisData conversionData managementBusiness analyticsData collectionData qualityInformation management,https://www.naukri.com/job-listings-senior-data-analyst-prevalent-ai-india-private-limited-kochi-cochin-4-to-9-years-080823501067,30+ Days Ago
Oracle and Data Analyst,L.E.K. Consulting,1-4 Yrs,Not disclosed,Hyderabad/Secunderabad,Supply chaintableauExcelStatistical analysisWeb developmentTroubleshootingSQLLogistics,https://www.naukri.com/job-listings-oracle-and-data-analyst-l-e-k-consulting-delhi-ncr-4-to-8-years-041023008297,30+ Days Ago
Data Analyst,Wonderskool,2-4 Yrs,Not disclosed,Mohali,Business objectsSASDatabase designProcess improvementXMLJavascriptData collectionSPSS,https://www.naukri.com/job-listings-data-analyst-wonderskool-panchkula-2-to-7-years-210423500069,30+ Days Ago
"Data analyst,Pan India",Z2 Plus Manpower,3-4 Yrs,Not disclosed,"Kochi, Cochin/ Kochi/ Ernakulam",Computer scienceSASProcess improvementReport writingData collectionSPSSInformation managementManager Quality Control,https://www.naukri.com/job-listings-data-analyst-pan-india-z2plus-placement-security-agency-pvt-ltd-remote-2-to-5-years-210222501618,30+ Days Ago
Data Analyst,HyreFox Consultants Pvt Ltd,3-5 Yrs,Not disclosed,Kochi,data cleansingData analysisAutomationAssurancemetadataStaffingWeb developmentTeradata,https://www.naukri.com/job-listings-data-analyst-hyrefox-consultants-pvt-ltd-jaipur-4-to-7-years-180323500508,30+ Days Ago
Data Analyst,Talent Socio,2-6 Yrs,Not disclosed,Pune,Computer scienceData analysisAutomationStaffingConsultingData Analystdata visualizationBusiness intelligence,https://www.naukri.com/job-listings-data-analyst-talent-socio-hyderabad-secunderabad-1-to-2-years-130423501949,30+ Days Ago
Sr. Data Analyst,Talent Socio,3-5 Yrs,Not disclosed,Hyderabad/Secunderabad,AutomationMS SQLNoSQLData managementMySQLMachine learningPythonAuditing,https://www.naukri.com/job-listings-sr-data-analyst-talent-socio-hyderabad-secunderabad-2-to-4-years-130423501874,30+ Days Ago
Data Analyst,AugmenterBizConsulting,3-6 Yrs,Not disclosed,Hyderabad/Secunderabad,Computer scienceAnalytical skillsData analysisData managementService industryData qualityData miningData Quality Analyst,https://www.naukri.com/job-listings-data-analyst-augmenter-consulting-mumbai-2-to-5-years-100718500151,30+ Days Ago
Data Analyst,Enest Services,4-8 Yrs,Not disclosed,"Indore, Hyderabad/Secunderabad",Computer scienceDatabase designProcess improvementData collectionInformation managementData miningForecastingAnalytics,https://www.naukri.com/job-listings-data-analyst-enest-services-mohali-4-to-5-years-080321500527,30+ Days Ago
Data Analyst,Reubro,3-6 Yrs,Not disclosed,New Delhi,SASPrimary researchData modelingConsultingCompetitive intelligenceQlikViewData miningFinancial services,https://www.naukri.com/job-listings-data-analyst-reubro-international-ernakulam-kochi-cochin-cochin-kochi-ernakulam-4-to-6-years-051015500936,29 Days Ago
Data Analyst,Reubro,2-4 Yrs,Not disclosed,Hyderabad/Secunderabad,AnalyticalRisk assessmentData qualityData miningInformation technologySQLAuditingPython,https://www.naukri.com/job-listings-data-analyst-reubro-international-ernakulam-kochi-cochin-4-to-6-years-020216503732,30+ Days Ago
Data Analyst,24 Dimensions,1-4 Yrs,Not disclosed,Remote,C++SASProcess improvementSenior Data AnalystData collectionPerlMATLABRuby,https://www.naukri.com/job-listings-data-analyst-24dimensions-pune-7-to-10-years-020123500656,29 Days Ago
Data Analyst III,Realpage,5-10 Yrs,Not disclosed,Chennai,Data analysisAutomationData collectionMarket researchData AnalystBusiness intelligenceContinuous improvementAnalytics,https://www.naukri.com/job-listings-data-analyst-iii-realpage-inc-hyderabad-secunderabad-5-to-8-years-300523501931,30+ Days Ago
Data Analyst,The HRBPs,2-3 Yrs,Not disclosed,Ahmedabad,database design developmentdata modelsSASdata miningXMLJavascriptBusiness ObjectsSPSS,https://www.naukri.com/job-listings-data-analyst-the-hrbps-indore-hyderabad-secunderabad-5-to-10-years-290923903545,30+ Days Ago
Data Analyst,AI ALCHEMY,3-8 Yrs,Not disclosed,Ahmedabad,Industry researchSAPProject managementAnalyticalBusiness excellenceData collectionMS OfficeData mining,https://www.naukri.com/job-listings-data-analyst-ai-alchemy-new-delhi-10-to-20-years-281222500448,30+ Days Ago
Financial Data Analyst-Remote Work (Immediate Joiners),Straive,4-9 Yrs,Not disclosed,Chennai,IT servicesSANAnalyticalSMSFMCGOracleAnalyticsTeam building,https://www.naukri.com/job-listings-financial-data-analyst-remote-work-immediate-joiners-straive-chennai-tamil-nadu-2-to-7-years-280923004088,30+ Days Ago
Data Analyst,Ajira,1-3 Yrs,Not disclosed,"Ghaziabad, Hyderabad/Secunderabad",Data validationBackendPrototypequery optimizationBusiness analysisProject managementpower biAnalytics,https://www.naukri.com/job-listings-data-analyst-ajira-chennai-5-to-10-years-280920500017,30+ Days Ago
Microsoft Azure Data Analyst,Coders Brain Pvt Ltd,1-3 Yrs,Not disclosed,Mumbai,Analytical skillsSQL queriesDatabase designReport writingData collectionDesign developmentAdvanced ExcelData mining,https://www.naukri.com/job-listings-microsoft-azure-data-analyst-coders-brain-pvt-ltd-chennai-5-to-6-years-280823502994,30+ Days Ago
Data Analyst,Recruitment Smart Technologies India Private Limited,2-5 Yrs,Not disclosed,"Jamnagar, Ahmedabad, Rajkot, Surat, Vadodara",Data analysisAnalyticalBusiness studiesData collectionManager Quality ControlMedical insuranceFinancial servicesSQL,https://www.naukri.com/job-listings-data-analyst-recruitment-smart-technologies-india-private-limited-ahmedabad-4-to-8-years-270423500909,30+ Days Ago
Data Analyst,Recruitment Smart Technologies India Private Limited,5-10 Yrs,Not disclosed,Nagpur,MS SQLPostgresqlMySQLSenior Data AnalystPHPInformaticaSSISData warehousing,https://www.naukri.com/job-listings-data-analyst-recruitment-smart-technologies-india-private-limited-ahmedabad-4-to-10-years-260423502077,30+ Days Ago
Senior Data Analyst,Serosoft Solutions,5-10 Yrs,Not disclosed,Noida,TrainingProgrammingData AnalystMathematicsJIRAMS OfficePowerpointStatistics,https://www.naukri.com/job-listings-senior-data-analyst-serosoft-solutions-pvt-ltd-indore-4-to-9-years-250123500527,30+ Days Ago
Data Analyst,CONTUS TECH,3-5 Yrs,Not disclosed,Hyderabad/Secunderabad,Data AnlalyticsData ArchitecturePythonAzureSciPyPandasNumPySQL,https://www.naukri.com/job-listings-data-analyst-contus-chennai-5-to-10-years-231220501727,30+ Days Ago
FaCT Data Analyst III,Realpage,3-8 Yrs,Not disclosed,Ahmedabad,Data ArchitecturePythonScipyFull stackPandasNumpySQLData,https://www.naukri.com/job-listings-fact-data-analyst-iii-realpage-inc-ghaziabad-hyderabad-secunderabad-5-to-9-years-210723503154,30+ Days Ago
Passionate Data Analyst,Logisticsnow,3-4 Yrs,Not disclosed,"Ghaziabad, Hyderabad/Secunderabad",RDBMSHadoopSenior Data AnalystsqoopApacheBusiness solutionsbig dataGaming,https://www.naukri.com/job-listings-passionate-data-analyst-logistics-now-mumbai-1-to-3-years-210720500827,30+ Days Ago
Data Analyst,Micron Software,5-7 Yrs,Not disclosed,Hyderabad/Secunderabad,Analytical skillstableauMachine learningData AnalystQlikViewDigital marketingContinuous improvementAnalytics,https://www.naukri.com/job-listings-data-analyst-micron-software-jamnagar-ahmedabad-rajkot-surat-vadodara-baroda-1-to-4-years-190823500798,15 Days Ago
Data Analyst,Accrualify India,5-10 Yrs,Not disclosed,Remote,Data analysisSASAnalyticalConsultingJavascriptProgrammingData AnalystAnalytics,https://www.naukri.com/job-listings-data-analyst-accrualify-india-private-limited-nagpur-1-to-4-years-170423500742,30+ Days Ago
Data Analyst,ANR Software,2-3 Yrs,Not disclosed,Chennai,PublishingDb2AnalyticalSocial mediaXMLMySQLData AnalystOracle,https://www.naukri.com/job-listings-data-analyst-anr-software-pvt-ltd-noida-2-to-5-years-141019500681,30+ Days Ago
Data Analyst,Skillety,2-6 Yrs,Not disclosed,Mumbai,Data analysisAutomationNutritionMISAnalyticalJavascriptData collectionSPSS,https://www.naukri.com/job-listings-data-analyst-skillety-hyderabad-secunderabad-2-to-4-years-131222500137,30+ Days Ago
Data Analyst,Skillety,1-3 Yrs,Not disclosed,Remote,Climate ChangeESGSustainabilitySustainable DevelopmentRenewable EnergyCdpCarbon EmissionEnergy,https://www.naukri.com/job-listings-data-analyst-skillety-ahmedabad-3-to-4-years-131222500135,30+ Days Ago
Tax Data Analyst,Realpage,1-3 Yrs,Not disclosed,Mumbai,data cleansingData analysismetadataQuality standardsExecutiveData AnalystData qualitydata integrity,https://www.naukri.com/job-listings-tax-data-analyst-realpage-inc-ghaziabad-hyderabad-secunderabad-3-to-5-years-121023501188,30+ Days Ago
Data Analyst,Highlevel Llc,2-7 Yrs,Not disclosed,"London, Manchester",Software testingData analysisdata manipulationAnalyticalData collectionData Research AnalystManager Quality ControlSQL,https://www.naukri.com/job-listings-data-analyst-highlevel-remote-3-to-5-years-111022500537,30+ Days Ago
Data Analyst,Saaki argus averil consulting,1-4 Yrs,Not disclosed,Panaji/Panjim,Supply chainUsageTeam managementExcelStatistical analysisData researchBusiness analyticsAnalytical,https://www.naukri.com/job-listings-data-analyst-saaki-argus-averil-consulting-chennai-3-to-6-years-100223500868,24 Days Ago
Data Analyst,Xpheno,7-12 Yrs,Not disclosed,Panaji/Panjim,ERPData analysisSASMS AccessCognosSPSSBusiness intelligenceData warehousing,https://www.naukri.com/job-listings-data-analyst-xpheno-mumbai-4-to-8-years-100123500117,30+ Days Ago
Senior Data Analyst,Mvp1 Ventures,3-8 Yrs,Not disclosed,Remote,Supply chainglobal operationsAutomationMS SQLelectronic tradingData managementBuild managementWorkflow,https://www.naukri.com/job-listings-senior-data-analyst-mvp1-ventures-remote-3-to-6-years-080722502483,30+ Days Ago
"Data Analyst, Reinsurance Administration",RGA,3-5 Yrs,Not disclosed,Mumbai,SQLPythonManagementData managementDataData analysis,https://www.naukri.com/job-listings-data-analyst-reinsurance-administration-rga-mumbai-2-to-4-years-070622501293,30+ Days Ago
Data Analyst,Axis My India,1-3 Yrs,Not disclosed,Noida,Power BiData AnalysisData VisualizationDataAnalysisManagementBi,https://www.naukri.com/job-listings-data-analyst-axis-my-india-ltd-mumbai-1-to-4-years-060123501955,30+ Days Ago
Data Analyst,Work Permit Visas,5-8 Yrs,Not disclosed,Chennai,metadataGoogle AnalyticsPrototypeData managementCodingdata securityMySQLOracle,https://www.naukri.com/job-listings-data-analyst-work-permit-visas-london-manchester-3-to-5-years-041023905834,30+ Days Ago
Data Analyst (Executive/ Sr.Executive),Bultaminds Venture,1-4 Yrs,Not disclosed,Gurgaon,tableauData AnalystData warehousingSQLdatawarehousedata analysis,https://www.naukri.com/job-listings-data-analyst-executive-sr-executive-bultaminds-venture-panaji-panjim-5-to-10-years-040823501023,30+ Days Ago
Data Analyst,Z2 Plus Manpower,1-4 Yrs,15-22.5 Lacs PA,Pune,ReinsuranceSimulationAnalyticalUnderwritingbusiness rulesData qualityRisk managementPortfolio management,https://www.naukri.com/job-listings-data-analyst-z2plus-placement-security-agency-pvt-ltd-panaji-panjim-2-to-3-years-040222500297,30+ Days Ago
Data Analyst(Tableau Developer),Marktine,1-5 Yrs,15-20 Lacs PA,Pune,Supply chainFinancial statementsUsageFinancial accountingFixed incomeFinanceWorkflowData Analyst,https://www.naukri.com/job-listings-data-analyst-tableau-developer-marktine-remote-3-to-8-years-030122500202,30+ Days Ago
Data Analyst,Nurturing Green,1-3 Yrs,Not disclosed,Hyderabad/Secunderabad,Data analysisManager Quality AssuranceData managementDb2Data modelingdata governanceData qualitydata visualization,https://www.naukri.com/job-listings-data-analyst-nurturing-green-retail-pvt-ltd-noida-4-to-9-years-020223500849,30 Days Ago
Data Analyst,DecisionTree Analytics and Services Private Limited,3-5 Yrs,Not disclosed,Mohali,ExcelAnalyticalMarket researchPHPData AnalystData qualityData miningForecasting,https://www.naukri.com/job-listings-data-analyst-decisiontree-analytics-and-services-private-limited-gurgaon-1-to-3-years-281119500946,30+ Days Ago
Data Analyst,Acme Services,2-7 Yrs,Not disclosed,Hyderabad/Secunderabad,Statistical analysisBusiness AnalystData researchData modelingManager TechnologyData AnalystAnalyticsTesting,https://www.naukri.com/job-listings-data-analyst-acme-services-pune-2-to-5-years-280623500334,30+ Days Ago
Data Analyst,Stratosphere It Services,1-4 Yrs,Not disclosed,"Mumbai, New Delhi",Computer scienceData analysisData modelingSSRSOLAPQlikViewSSISmicrosoft,https://www.naukri.com/job-listings-data-analyst-stratosphere-it-services-pune-5-to-10-years-270923008945,30+ Days Ago
Data Analyst,Stratosphere It Services,2-4 Yrs,Not disclosed,Hybrid - Delhi / NCR(Barakhamba Road),analyticalData Analysiscommunication skillsproblem - solvinginterpersonal skillsresearchOfficeFoundation,https://www.naukri.com/job-listings-data-analyst-stratosphere-it-services-pune-maharashtra-5-to-10-years-270923008926,15 Days Ago
Senior Data Analyst - Apache Spark,IVY,4-5 Yrs,Not disclosed,Chennai,Computer sciencePrototypeAnalyticalConsultingData AnalystProject planningMathematicsBusiness intelligence,https://www.naukri.com/job-listings-senior-data-analyst-apache-spark-ivy-hyderabad-secunderabad-3-to-5-years-250923501060,17 Days Ago
Data Analyst,Fabzen Technologies,1-3 Yrs,Not disclosed,Chennai,Data analysisQuality standardsManager Quality AssuranceBusiness AnalystNBFCpower biData qualityData Analyst,https://www.naukri.com/job-listings-data-analyst-fabzen-technologies-pvt-ltd-pune-3-to-8-years-220623501384,30+ Days Ago
Sr. Data Analyst,Xenonstack,5-10 Yrs,Not disclosed,Chennai,Project developmentAnalysis StudioTechnology managementProduction supportdevelopment testingBusiness AnalystCognosReport studio,https://www.naukri.com/job-listings-sr-data-analyst-xenonstack-private-ltd-mohali-3-to-4-years-210823501438,30+ Days Ago
Data Analyst/Engineer- Azure,Paraminfo,1-4 Yrs,Not disclosed,Pune,data scienceSenior AnalystAnalyticalProgrammingAnalyticsPythonseniordata,https://www.naukri.com/job-listings-data-analyst-engineer-azure-param-info-computer-services-pvt-ltd-hyderabad-secunderabad-5-to-7-years-180523500934,30+ Days Ago
Senior Data Analyst - ESG / Climate Change,ESG Book India,5-10 Yrs,Not disclosed,Remote,Computer scienceExcelData managementBusiness analyticsConsultingData collectionMarket researchPLSQL,https://www.naukri.com/job-listings-senior-data-analyst-esg-climate-change-esg-book-india-delhi-ncr-2-to-3-years-111023005932,30+ Days Ago
Data Analyst / Senior Data Analyst,SPi Technologies,4-6 Yrs,35-40 Lacs PA,Noida,BITableauDashboardingSQLBig dataAgile methodologiesdata engineeringKanban,https://www.naukri.com/job-listings-data-analyst-senior-data-analyst-spi-technologies-chennai-2-to-6-years-110923501159,Starts in 1-3 months
Data Analyst,Structural Solutions (SSPL),5-10 Yrs,Not disclosed,Gurgaon,Solution architectureSASAnalyticalMachine learningProgrammingPredictive modelingAnalyticsFinancial services,https://www.naukri.com/job-listings-data-analyst-sspl-mumbai-new-delhi-2-to-7-years-080523500024,30+ Days Ago
Data Analyst,Heart It Out,1-5 Yrs,Not disclosed,Noida,developmentrdbmstechnicalscalaPerlInformaticaSDLCsql,https://www.naukri.com/job-listings-data-analyst-heart-it-out-remote-1-to-3-years-061222501715,30+ Days Ago
Data Analyst,ION,2-4 Yrs,Not disclosed,Mumbai,SAPWeb technologiesMINGCPCloudCMISData analysisData,https://www.naukri.com/job-listings-data-analyst-ion-noida-1-to-4-years-061023500921,24 Days Ago
Associate Divisional Manager Data Analyst Chennai,Talent Leads Hr Solutions,3-7 Yrs,Not disclosed,Ahmedabad(Naroda),Data analysisClouddata governanceData AnalystBusiness intelligenceERP implementationSQL AzureData architecture,https://www.naukri.com/job-listings-associate-divisional-manager-data-analyst-chennai-talent-leads-hr-solutions-chennai-tamil-nadu-7-to-12-years-051023009520,30+ Days Ago
Manager - Data Analyst,Blue Dart,2-5 Yrs,Not disclosed,Remote,AdministrationtableauArchitectureCloudData AnalystStatisticsAnalyticsSQL,https://www.naukri.com/job-listings-manager-data-analyst-blue-dart-aviation-chennai-3-to-8-years-051023008873,29 Days Ago
Data Analyst,Intone Networks,3-5 Yrs,Not disclosed,Mohali,Data AnalysisFXData Engineeringdocumentationsystems engineeringETLproblem-solving skillsreconciliation,https://www.naukri.com/job-listings-data-analyst-intone-networks-remote-3-to-5-years-040923500721,30+ Days Ago
Data Analyst,DecisionTree Analytics and Services Private Limited,4-7 Yrs,Not disclosed,Gurgaon,Data AnalysisDPIAstakeholder managementaccess managementGDPRData PrivacyAnalysisAccess,https://www.naukri.com/job-listings-data-analyst-decisiontree-analytics-and-services-private-limited-gurgaon-1-to-3-years-040620500939,30+ Days Ago
Credit Data Analyst,ION,6-8 Yrs,12-20 Lacs PA,Hyderabad/Secunderabad,Security auditcyber securityGap analysisData AnalystSCMIT recruitmentHSSEOperations,https://www.naukri.com/job-listings-credit-data-analyst-ion-mumbai-1-to-4-years-290422501433,30+ Days Ago
Data Analyst,Indian Ion Exchange & Chemicals,2-4 Yrs,Not disclosed,Delhi / NCR(Bhikaji Cama),ERPAutomationSAP ERPExcelCodingData collectionVBMacros,https://www.naukri.com/job-listings-data-analyst-indian-ion-exchange-chemicals-ahmedabad-1-to-4-years-280923007525,30+ Days Ago
Sr. Data Analyst,Intone Networks,2-4 Yrs,Not disclosed,Thane,tableauExcelSenior AnalystSupply chain solutionsManager Technologybig dataPentahoAnalytics,https://www.naukri.com/job-listings-sr-data-analyst-intone-networks-remote-1-to-5-years-280723501391,22 Days Ago
Data Analyst,Enest Technologies,1-4 Yrs,Not disclosed,Ahmedabad,ExcelSenior AnalystTime managementSupply chain solutionsManager Technologybig dataPentahoAnalytics,https://www.naukri.com/job-listings-data-analyst-enest-technologies-pvt-ltd-mohali-5-to-10-years-280521500372,30+ Days Ago
Data Analyst,RIGHT STEP CONSULTING PRIVATE LIMITED,5-7 Yrs,Not disclosed,Thane,Data modelingConsultingData AnalystSchedulingInformaticaStored proceduresUnit testingPentaho,https://www.naukri.com/job-listings-data-analyst-right-step-consulting-private-limited-gurgaon-1-to-3-years-231019500947,16 Days Ago
Data Analyst,Acme Services,10-15 Yrs,Not disclosed,Hyderabad/Secunderabad,Product pricingClinical operationsWellnessHealth managementActuarialhealthcare analyticsContinuous improvementSQL,https://www.naukri.com/job-listings-data-analyst-acme-services-mumbai-2-to-6-years-170423500122,30+ Days Ago
Data Analyst,Criticalriver,8-9 Yrs,Not disclosed,Remote,IT servicesAnalytical skillsData analysisAgiledata governanceCustomer servicedata visualizationlead data analyst,https://www.naukri.com/job-listings-data-analyst-criticalriver-inc-hyderabad-secunderabad-3-to-5-years-160823500096,30+ Days Ago
Founder's Office & Data Analyst,Dare2Compete,2-5 Yrs,Not disclosed,Hyderabad/Secunderabad,Process designData analysisVersion controlCodingAnalyticalWeb developmentJavascriptAgile,https://www.naukri.com/job-listings-founder-s-office-data-analyst-dare2compete-delhi-ncr-2-to-7-years-120723003994,30+ Days Ago
Data Analyst,Myrsa Technology Solutions,6-8 Yrs,Not disclosed,Chennai,Performance tuningOutboundData conversionScript writingPLSQLToadData AnalystOracle,https://www.naukri.com/job-listings-data-analyst-myrsa-technology-solutions-thane-1-to-4-years-120121501899,30+ Days Ago
Data Analyst,Light Microfinance,5-7 Yrs,Not disclosed,Chennai,data cleansingReport generationmetadataManager Quality Assurancedata integrityData AnalystManagementTroubleshooting,https://www.naukri.com/job-listings-data-analyst-light-microfinance-pvt-ltd-ahmedabad-2-to-4-years-111023501504,22 Days Ago
Data Analyst,Paramount Health Services,8-13 Yrs,Not disclosed,Kochi,AutomationSAPOperational excellenceProcess improvementdata governanceData qualityInformaticaContinuous improvement,https://www.naukri.com/job-listings-data-analyst-paramount-health-services-tpa-pvt-ltd-thane-4-to-5-years-110923501353,22 Days Ago
Oracle Data Analyst,GP Strategies,3-7 Yrs,Not disclosed,"Hyderabad/Secunderabad, Ahmedabad",Data analysisAutomationTeam managementGoogle AnalyticsWeb analyticsAnalyticalWorkflowBusiness intelligence,https://www.naukri.com/job-listings-oracle-data-analyst-gp-strategies-corporation-remote-5-to-10-years-060923501731,30+ Days Ago
Data Analyst,Kline & Company,3-7 Yrs,Not disclosed,Jaipur,Business objectsSASXMLSSRSJavascriptSSISBusiness intelligenceSQL,https://www.naukri.com/job-listings-data-analyst-kline-company-hyderabad-secunderabad-1-to-4-years-060121500672,30+ Days Ago
Data Analyst,Hiring Trendz Placement services,2-5 Yrs,Not disclosed,Hyderabad/Secunderabad,UnixC++LinuxScrumData miningSDLCAnalyticsAutomotive,https://www.naukri.com/job-listings-data-analyst-hiring-trendz-placement-services-chennai-5-to-7-years-051023909645,30+ Days Ago
Data Analyst,The It Mind Services,1-4 Yrs,Not disclosed,Remote,Data collectionpower biData AnalystManagementmicrosoftAnalyticsAnalysisBi,https://www.naukri.com/job-listings-data-analyst-the-it-mind-chennai-5-to-10-years-051023501481,30+ Days Ago
Data Analyst,Reubro,1-2 Yrs,Not disclosed,Hyderabad/Secunderabad,HR processesData modelingpower biData Analystdata visualizationResearchAnalyticsSQL,https://www.naukri.com/job-listings-data-analyst-reubro-international-ernakulam-kochi-cochin-4-to-6-years-050417502754,30+ Days Ago
Senior Data Analyst,XA Group,2-4 Yrs,Not disclosed,"Mumbai, Pune",AutomationData analysisQuality standardsAsset managementMacrosPortfolio managementAnalyticsFinancial services,https://www.naukri.com/job-listings-senior-data-analyst-xa-group-remote-3-to-5-years-310523502032,30+ Days Ago
Data Analyst,Proclink,2-5 Yrs,Not disclosed,"Dubai, Dubai",Manager Quality AssuranceData managementPrimary researchHooversRDBMSData qualityTroubleshootingMS Office,https://www.naukri.com/job-listings-data-analyst-proclink-consulting-services-llp-hyderabad-secunderabad-ahmedabad-4-to-8-years-300822502528,30+ Days Ago
Senior Data Analyst,Sanmax Technologies,2-5 Yrs,Not disclosed,Mumbai,AutomationData collectionData AnalystStakeholder managementOpen sourceOperationsAnalyticsSQL,https://www.naukri.com/job-listings-senior-data-analyst-sanmax-technologies-p-limited-jaipur-8-to-10-years-290617501215,30+ Days Ago
Data Analyst - Power BI,Gramener,3-6 Yrs,Not disclosed,"Jamnagar, Ahmedabad, Rajkot, Surat, Vadodara",Data validationpricing analysisPharmaCompetitor analysisPortfolio analysisStrategic planningMarket researchmarket data,https://www.naukri.com/job-listings-data-analyst-power-bi-gramener-it-services-hyderabad-secunderabad-5-to-10-years-280823502283,30+ Days Ago
Senior Data Analyst,Intone Networks,4-8 Yrs,Not disclosed,banda,Computer scienceData analysisProject managementData collectiondata governanceData qualitydata privacydata visualization,https://www.naukri.com/job-listings-senior-data-analyst-intone-networks-remote-1-to-5-years-280723501321,30+ Days Ago
Data Analyst,Fusion Plus Solutions Inc,1-5 Yrs,Not disclosed,Mumbai,AnalystChange managementAnalyticalInstrumentationInformation managementMS OfficeContinuous improvementRisk management,https://www.naukri.com/job-listings-data-analyst-fusion-plus-solutions-inc-hyderabad-secunderabad-2-to-4-years-280223501040,30+ Days Ago
Data Analyst - WealthTech,Mithra HR Consulting,3-5 Yrs,Not disclosed,Mumbai,IT servicesAutomationData analysisManaged servicesData modelingSenior Data AnalystHealthcareReporting tools,https://www.naukri.com/job-listings-data-analyst-wealthtech-mithra-hr-consulting-mumbai-pune-3-to-7-years-260923908840,30+ Days Ago
Senior Data Analyst,Cex Webuy Entertainment,2-5 Yrs,Not disclosed,Hyderabad/Secunderabad,PrintingUsageExcelCGIManager TechnologyData AnalystPower supplyManagement,https://www.naukri.com/job-listings-senior-data-analyst-cex-webuy-entertainment-pvt-ltd-mumbai-3-to-5-years-260821500368,30+ Days Ago
Site Data Analyst,Apraava Energy,3-5 Yrs,Not disclosed,Hyderabad/Secunderabad,Manager Quality AssuranceData managementPrimary researchHooversRDBMSData qualityTroubleshootingMS Office,https://www.naukri.com/job-listings-site-data-analyst-apraava-energy-jamnagar-ahmedabad-rajkot-surat-vadodara-baroda-4-to-7-years-260723502691,30+ Days Ago
Data Analyst,Rochem Separation Systems,1-3 Yrs,Not disclosed,Remote,SQL queriesSIDEtableauAnalyticalJavascriptData AnalystManagementAnalytics,https://www.naukri.com/job-listings-data-analyst-rochem-separation-systems-india-pvt-ltd-banda-2-to-3-years-250620501100,30+ Days Ago
Data Analyst (ETL Tools),Alpha Analytics Services,3-5 Yrs,Not disclosed,Hyderabad/Secunderabad,ProcurementAutomationData managementData modelingAnalyticalData qualityService AnalystBusiness intelligence,https://www.naukri.com/job-listings-data-analyst-etl-tools-alpha-analytics-services-pvt-ltd-pune-2-to-4-years-240919500049,30+ Days Ago
Data Analyst,Response Informatics,5-9 Yrs,Not disclosed,Remote,Computer scienceData analysisAutomationData managementData AnalystCustomer serviceSSISOperations,https://www.naukri.com/job-listings-data-analyst-response-informatics-hyderabad-secunderabad-1-to-4-years-240523500732,30+ Days Ago
Lead Data Analyst,DAZN,3-5 Yrs,Not disclosed,Gurgaon/Gurugram,Supply chainComputer scienceMS Office suiteSAPXMLNetwork operationsPharmaData Analyst,https://www.naukri.com/job-listings-lead-data-analyst-dazn-group-hyderabad-secunderabad-5-to-7-years-231222501098,30+ Days Ago
Frontend Data Analyst,Ultimez Technology Pvt Ltd,1-2 Yrs,Not disclosed,Mohali,Power BiETLSqlDataData analysisReportingData ReportingBi,https://www.naukri.com/job-listings-frontend-data-analyst-ultimez-technology-pvt-ltd-remote-10-to-15-years-230922502124,30+ Days Ago
Sr. Data Analyst,Ideslabs,5-10 Yrs,Not disclosed,Mumbai,PPCMS SQLGoogle AnalyticsXMLAnalyticalJavascriptBusiness Development ExecutiveData mining,https://www.naukri.com/job-listings-sr-data-analyst-ideslabs-private-limited-hyderabad-secunderabad-8-to-9-years-230823500054,30+ Days Ago
Data Analyst,Nlineaxis It Solutions,2-4 Yrs,Not disclosed,Mumbai,Computer scienceData modelingMachine learningData AnalystData qualityBusiness solutionsStatisticsAnalytics,https://www.naukri.com/job-listings-data-analyst-nlineaxis-it-solutions-jaipur-2-to-5-years-230523500493,30+ Days Ago
Senior Data Analyst,Bairesdev Llc,2-4 Yrs,Not disclosed,Mumbai,IT servicesSANAutomationSOCConsultingData AnalystSQLCRM,https://www.naukri.com/job-listings-senior-data-analyst-bairesdev-llc-remote-5-to-7-years-230323500190,30+ Days Ago
Lead Data Analyst,Grazitti Interactive,2-3 Yrs,Not disclosed,Pune,Data analysisGCPSOCMachine learningMonitoringSQLPythonCRM,https://www.naukri.com/job-listings-lead-data-analyst-grazitti-interactive-mohali-6-to-11-years-220623502004,30+ Days Ago
Data Analyst,Ariprus,2-5 Yrs,Not disclosed,Mumbai,SANAutomationSOCConsultingData AnalystMacrosSQLCRM,https://www.naukri.com/job-listings-data-analyst-ariprus-mumbai-3-to-7-years-210920501237,30+ Days Ago
Data Analyst (Microsoft Power BI),Wim Plast,1-3 Yrs,Not disclosed,Pune,MISVLOOKUPAdvanced ExcelMIS ReportingHLOOKUPPivot TableGraphFormulas,https://www.naukri.com/job-listings-data-analyst-microsoft-power-bi-wim-plast-mumbai-3-to-7-years-210723502564,30+ Days Ago
Data Analyst,Gohiring,3-5 Yrs,Not disclosed,Pune,Organic chemistryPublishingData AnalystSubject Matter ExpertFraud detectionSubjectChemistryData analysis,https://www.naukri.com/job-listings-data-analyst-gohiring-remote-2-to-5-years-210723500262,30+ Days Ago
Data Analyst,Acme Services,6-8 Yrs,Not disclosed,Pune,TrainingOutboundE-learningadvanced analyticsMedia managementOnline mediaData AnalystResearch analysis,https://www.naukri.com/job-listings-data-analyst-acme-services-mumbai-1-to-4-years-210223501995,9 Days Ago
Data Analyst,CVM Solutions,4-5 Yrs,Not disclosed,Pune,Data VisualizationData AnalystData CleaningData AnalysisCleaningData CleansingDataAnalysis,https://www.naukri.com/job-listings-data-analyst-cvm-solutions-hyderabad-secunderabad-1-to-2-years-210223501436,30+ Days Ago
Data Analyst,Adventus.io,1-3 Yrs,Not disclosed,Mumbai,Data AnalysisPMOdata visualizationdata CollectionDataCollectionsAnalysis,https://www.naukri.com/job-listings-data-analyst-adventus-io-pune-2-to-4-years-210223501334,30+ Days Ago
DATA ANALYST,Gemini Exports,3-5 Yrs,Not disclosed,Hyderabad/Secunderabad,Computer sciencePMPAutomationSMSRisk managementOperationsInformation technologyFinancial services,https://www.naukri.com/job-listings-data-analyst-gemini-exports-mumbai-2-to-5-years-200622501282,30+ Days Ago
Senior Data Analysts,Apprely Technologies,3-4 Yrs,Not disclosed,Mumbai,Data analysisdata manipulationAnalyticalBusiness studiesData collectionManager Quality ControlManagementFinancial services,https://www.naukri.com/job-listings-senior-data-analysts-apprely-technologies-pune-2-to-5-years-190623501530,30+ Days Ago
Senior Data analyst - SH,Genzeon Corporation,1-4 Yrs,Not disclosed,New Delhi,Data analysisSASCodingProcess improvementXMLMarket researchData processingSPSS,https://www.naukri.com/job-listings-senior-data-analyst-sh-genzeon-technology-solutions-private-limited-pune-4-to-8-years-180923501874,30+ Days Ago
Data Analyst,Krsnaa Diagnostics,1-4 Yrs,Not disclosed,Hyderabad/Secunderabad,AnalystExcelTime managementSupply chain solutionsManager Technologybig dataPentahoAnalytics,https://www.naukri.com/job-listings-data-analyst-krsnaa-diagnostics-pune-1-to-5-years-150923501533,30+ Days Ago
Data Analyst,Oliver,2-5 Yrs,Not disclosed,Hyderabad/Secunderabad,AnalystWarehouseExcelAnalyticalSupply chain solutionsOperationsAnalyticsTechnical support,https://www.naukri.com/job-listings-data-analyst-oliver-mumbai-3-to-5-years-150923500161,15 Days Ago
Data Analyst,CVM Solutions,1-3 Yrs,Not disclosed,Pune,AccountancySupply chainFinancial statementsFinancial analysisFixed incomeFinanceWorkflowCorporate credit,https://www.naukri.com/job-listings-data-analyst-cvm-solutions-hyderabad-secunderabad-2-to-4-years-150922500415,15 Days Ago
Data Analyst,Altbalaji,2-5 Yrs,Not disclosed,Hybrid - Pune,Data analysisData managementData modelingFinancial analysisNetwork analysisDatabaseProgrammingStored procedures,https://www.naukri.com/job-listings-data-analyst-altbalaji-mumbai-2-to-5-years-150323500061,15 Days Ago
Data Analyst,Suntech Global,2-7 Yrs,Not disclosed,Vadodara,Due diligenceBloombergLegal complianceLinuxRisk assessmentForensicData AnalystAnalytics,https://www.naukri.com/job-listings-data-analyst-suntech-global-kochi-cochin-thrissur-trichur-calicut-kozhikode-trivandrum-thiruvananthapuram-3-to-5-years-140923501012,15 Days Ago
Data Analyst,Mindpeers,3-6 Yrs,Not disclosed,Remote,Help DeskCustomer Servicedata analysiscustomer relationshipaccess controlsTelephony supportAsset ManagementVendor Management,https://www.naukri.com/job-listings-data-analyst-mindpeers-new-delhi-1-to-3-years-130723501345,30+ Days Ago
Data Analyst,Intouchcx,1-4 Yrs,Not disclosed,Hyderabad/Secunderabad,Customer acquisitionData managementMISAnalyticalManagement consultingAnalyticsFinancial servicesMonitoring,https://www.naukri.com/job-listings-data-analyst-intouchcx-hyderabad-secunderabad-1-to-3-years-121023501510,16 Days Ago
Technical Data Analyst,TraceLink Inc.,5-10 Yrs,Not disclosed,Hyderabad/Secunderabad,IT servicesTechnology managementFront endAgileData AnalystSQLAndroidPython,https://www.naukri.com/job-listings-technical-data-analyst-tracelink-inc-pune-3-to-5-years-121023501322,16 Days Ago
Data Analyst,99plus It Solutions,3-5 Yrs,3-3.5 Lacs PA,Hyderabad/Secunderabad,Data AnalysisPower BiSPSSPythonSQLBiAnalysisData,https://www.naukri.com/job-listings-data-analyst-99plus-it-solutions-vadodara-baroda-3-to-5-years-120321500330,16 Days Ago
Data Analyst,Innovation Incubator Advisory,3-7 Yrs,Not disclosed,"Thane, Maharashtra",tableauAnalyticalFinancial riskFinanceProject planningData AnalystJIRAOperations,https://www.naukri.com/job-listings-data-analyst-innovation-incubator-advisory-pvt-ltd-remote-1-to-2-years-111122500615,16 Days Ago
Data Analyst,Ixie Gaming,7-12 Yrs,Not disclosed,Chennai,tableauAnalyticalFinancial riskFinanceProject planningData AnalystJIRAOperations,https://www.naukri.com/job-listings-data-analyst-ixie-gaming-hyderabad-secunderabad-5-to-10-years-111023500880,17 Days Ago
Data Analyst,Ixie Gaming,2-5 Yrs,5-7 Lacs PA,Mumbai,EconomicsData analysisadobe analyticsSchemaData processingData qualityData AnalystTroubleshooting,https://www.naukri.com/job-listings-data-analyst-ixie-gaming-hyderabad-secunderabad-2-to-4-years-111023500879,30+ Days Ago
Data Analyst,Ixie Gaming,3-5 Yrs,Not disclosed,"Mumbai, Powai",Data analysismetadataGoogle AnalyticsJavascriptData qualityData Analystdata visualizationData mining,https://www.naukri.com/job-listings-data-analyst-ixie-gaming-hyderabad-secunderabad-3-to-8-years-111023500878,30+ Days Ago
Data Analyst,Ixie Gaming,6-11 Yrs,Not disclosed,Pune,Manager Quality AssuranceData managementPrimary researchHooversRDBMSData qualityTroubleshootingMS Office,https://www.naukri.com/job-listings-data-analyst-ixie-gaming-hyderabad-secunderabad-2-to-4-years-111023500877,17 Days Ago
Data Analyst,Ixie Gaming,1-5 Yrs,Not disclosed,Chennai,AnalysttableauData modelingData AnalystStakeholder managementSales managementData warehousingSQL,https://www.naukri.com/job-listings-data-analyst-ixie-gaming-hyderabad-secunderabad-2-to-7-years-111023500876,18 Days Ago
Data Analyst,Everest Fleet,1-4 Yrs,Not disclosed,Chennai,Business objectsSASDatabase designXMLSSRSJavascriptSSISBusiness intelligence,https://www.naukri.com/job-listings-data-analyst-everest-fleet-thane-maharashtra-2-to-3-years-111023007367,17 Days Ago
Data Analyst - Organic Chemistry,Perfect Digital Media Resources,4-7 Yrs,Not disclosed,Hyderabad/Secunderabad,Master data managementData AnalystInvestment bankingbig dataData warehousingAnalyticsSQLmanagement,https://www.naukri.com/job-listings-data-analyst-organic-chemistry-perfect-digital-media-resources-pvt-ltd-chennai-2-to-5-years-110823501873,30+ Days Ago
DATA ANALYST,Blocklogy Edutech,3-5 Yrs,Not disclosed,Panchkula,Statistical programmingDrillingProgrammingDeploymentData AnalystStatisticsInventoryPython,https://www.naukri.com/job-listings-data-analyst-blocklogy-edutech-private-limited-mumbai-1-to-3-years-110520500523,30+ Days Ago
Data Analyst (Immediate Joiners Preferred),Sanskruti Solutions,3-5 Yrs,Not disclosed,Mumbai,Data analysisExcelAnalyticalData qualityData Analystdata visualizationBusiness intelligenceTroubleshooting,https://www.naukri.com/job-listings-data-analyst-immediate-joiners-preferred-sanskruti-solutions-mumbai-powai-3-to-5-years-101023911924,30+ Days Ago
Data Analyst - PMO,ProPMO Services Private Limited,5-6 Yrs,Not disclosed,Mumbai,Bi ToolsSQL QueriesAdvanced ExcelAdvance SqlSQLData AnalysisAnalysisData,https://www.naukri.com/job-listings-data-analyst-pmo-propmo-services-private-limited-pune-6-to-8-years-101023907463,30+ Days Ago
Senior Data Analyst,Callstreet Global Services,2-5 Yrs,Not disclosed,Mumbai,Process automationSANHead Business DevelopmentUsageMISSOCSMSData Analyst,https://www.naukri.com/job-listings-senior-data-analyst-chargeback-gurus-chennai-4-to-5-years-101023502059,30+ Days Ago
Financial Services and Insurance Data Analyst,Forbes Advisor,3-8 Yrs,Not disclosed,Pune,Data analysisAnalyticalMachine learningData collectionData AnalystPredictive modelingdata privacyOperations,https://www.naukri.com/job-listings-financial-services-and-insurance-data-analyst-forbes-advisor-chennai-1-to-3-years-100823501273,30+ Days Ago
Data Analyst,CVM Solutions,2-7 Yrs,Not disclosed,Hyderabad/Secunderabad,Business processStatistical modelingNeural networksAnalyticalFinancial riskMachine learningData AnalystStatistics,https://www.naukri.com/job-listings-data-analyst-supplier-io-hyderabad-secunderabad-3-to-5-years-100223501462,30+ Days Ago
Data Analyst,Intelligaia Technologies Pvt. Ltd.,2-5 Yrs,Not disclosed,Hyderabad/Secunderabad,We are looking for an HR Analyst to gather and process qualitative and quantitative dataQuantitativeProcessData analysisQualitativeData,https://www.naukri.com/job-listings-data-analyst-intelligaia-technologies-pvt-ltd-panchkula-3-to-4-years-100223500853,30+ Days Ago
ION Group - Credit Data Analyst,ION,2-3 Yrs,Not disclosed,Hyderabad/Secunderabad,Data Analystdatadata analysis,https://www.naukri.com/job-listings-ion-group-credit-data-analyst-ion-mumbai-1-to-4-years-090622501954,30+ Days Ago
Data Analyst,Innovative Techhub,3-7 Yrs,8-18 Lacs PA,Hyderabad/Secunderabad,Business administrationEconomicsData modelingAnalyticalData AnalystMathematicsManagementInformation technology,https://www.naukri.com/job-listings-data-analyst-innovative-techhub-private-limited-pune-2-to-5-years-090523501520,30+ Days Ago
Data Analyst,Signalx,4-9 Yrs,Not disclosed,Remote,Data Analystdatadata analysis,https://www.naukri.com/job-listings-data-analyst-signalx-hyderabad-secunderabad-1-to-3-years-090523501421,30+ Days Ago
Associate Data Analyst,Husys Consulting,2-3 Yrs,Not disclosed,Chennai,Supply chainData analysisProduct engineeringMISAnalyticalpower biData qualityOpen source,https://www.naukri.com/job-listings-associate-data-analyst-husys-consulting-limited-hyderabad-secunderabad-2-to-5-years-090318502509,21 Days Ago
Data Analyst,Globalme Localization,2-5 Yrs,Not disclosed,Chennai,ISMSPDFBusiness AnalystManager TechnologyApplication developmentData AnalystJPEGITES,https://www.naukri.com/job-listings-data-analyst-globalme-localization-remote-2-to-7-years-090223501858,30+ Days Ago
Data Analyst,Epaylater,6-11 Yrs,Not disclosed,New Delhi,AnalystData analysisClaimsUnderwritingAnalyticalData qualityData AnalystDocument management,https://www.naukri.com/job-listings-data-analyst-epaylater-mumbai-3-to-6-years-081222502058,30+ Days Ago
Lead Data Analyst,DAZN,3-7 Yrs,Not disclosed,Remote,Data Analystdatapandata analysisbi,https://www.naukri.com/job-listings-lead-data-analyst-dazn-group-hyderabad-secunderabad-5-to-7-years-080823501174,30+ Days Ago
Data Analyst,Saguna Consulting Services,2-5 Yrs,Not disclosed,Pune,Analytical skillsCROReporting AnalystSenior managementPharmaAnalyticalHealthcareClinical research,https://www.naukri.com/job-listings-data-analyst-saguna-consulting-services-india-5-to-10-years-071023004227,30+ Days Ago
Data Analyst - Mid (Finance Team),Saisystems Technology,3-5 Yrs,Not disclosed,Mohali,Data analysisLinuxAnalyticalData collectionData AnalystMedical insuranceOperationsMonitoring,https://www.naukri.com/job-listings-data-analyst-mid-finance-team-saisystems-technology-chennai-3-to-5-years-070923500228,30+ Days Ago
Data Analyst - Mid (Finance Team),Saisystems Technology,3-6 Yrs,Not disclosed,Chennai,Team managementExcelData managementAnalyticalData processingData AnalystSPSSWinCross,https://www.naukri.com/job-listings-data-analyst-mid-finance-team-saisystems-health-tech-pvt-ltd-chennai-3-to-5-years-070923500086,30+ Days Ago
Data Backfill Audit - Data Analyst,HyreFox Consultants Pvt Ltd,7-15 Yrs,Not disclosed,Remote,Computer scienceData analysisMinitabCodingAnalyticalMachine learningData structuresHRD,https://www.naukri.com/job-listings-data-backfill-audit-data-analyst-hyrefox-consultants-pvt-ltd-new-delhi-3-to-7-years-070522500453,30+ Days Ago
Senior Data Analyst,Taffi,1-5 Yrs,Not disclosed,Gandhinagar,data cleansingData conversionExcelSalesAnalyticalSenior Data AnalystSMBpower bi,https://www.naukri.com/job-listings-senior-data-analyst-taffi-inc-remote-7-to-12-years-060123500481,23 Days Ago
Data Analyst,CVM Solutions,2-5 Yrs,Not disclosed,Ahmedabad(Thaltej),data cleansingData analysisData validationSASPHPData qualitySPSSData mining,https://www.naukri.com/job-listings-data-analyst-supplier-io-hyderabad-secunderabad-2-to-5-years-051222501894,24 Days Ago
Senior Data Analyst,Adventus.io,1-5 Yrs,Not disclosed,Jaipur,Data Analystprofessionaldata analysisdata,https://www.naukri.com/job-listings-senior-data-analyst-adventus-io-pune-3-to-5-years-050923500878,23 Days Ago
Lead Data Analyst,Grazitti Interactive,2-6 Yrs,Not disclosed,Hyderabad/Secunderabad,BPOERPData analysisBusiness AnalystData collectionSystem designData AnalystData quality,https://www.naukri.com/job-listings-lead-data-analyst-grazitti-interactive-mohali-6-to-11-years-050723500663,30+ Days Ago
Data Analyst,Diverse Lynx,2-7 Yrs,1.25-6.25 Lacs PA,Remote,Help DeskCustomer Servicedata analysiscustomer relationshipaccess controlsTelephony supportAsset ManagementVendor Management,https://www.naukri.com/job-listings-data-analyst-diverse-lynx-chennai-1-to-5-years-050221501036,30+ Days Ago
Data Analyst,Deetsdigital,1-4 Yrs,Not disclosed,"Chennai, Tamil Nadu",Industry researchConsultingManagementanalystsresearchdata analysisdatasr,https://www.naukri.com/job-listings-data-analyst-deetsdigital-pvt-ltd-remote-1-to-4-years-041023500402,30+ Days Ago
Sr. Data Analyst/Power BI Developer,Mysmartsenses,1-4 Yrs,Not disclosed,Mysore/Mysuru,Supply chainMedical devicesExcelStatistical analysisAnalyticalData Research AnalystMarket researchAutomotive,https://www.naukri.com/job-listings-sr-data-analyst-power-bi-developer-mysmartsenses-gandhinagar-4-to-7-years-041023500329,24 Days Ago
Sr. Data Analyst,Soni Brothers Outsourcing Solutions Pvt. Ltd.,4-9 Yrs,Not disclosed,Mumbai,Career developmentData analysisDiversity and InclusionMarket researchData processingData Processing AnalystData AnalystSPSS,https://www.naukri.com/job-listings-sr-data-analyst-soni-brothers-outsourcing-solutions-pvt-ltd-ahmedabad-3-to-5-years-041023011604,30+ Days Ago
Data Analyst,Mittsure Technologies,5-8 Yrs,Not disclosed,Vadodara,Analytical skillsData analysisBusiness analysisAnalyticalMachine learningData AnalystOracleSDLC,https://www.naukri.com/job-listings-data-analyst-mittsure-technologies-llp-jaipur-3-to-5-years-040923501144,30+ Days Ago
Data Analyst,Deque Systems,4-7 Yrs,Not disclosed,Delhi,Data validationExcelMatrixClient servicingTime managementStatistical softwareData AnalystSPSS,https://www.naukri.com/job-listings-data-analyst-deque-systems-hyderabad-secunderabad-5-to-6-years-040923500567,30+ Days Ago
Data Analyst,Hudson Data,3-5 Yrs,Not disclosed,Nagpur,TrainingArchitectureAnalyticalProject managementLeadership trainingData AnalystCustomer engagementOperations,https://www.naukri.com/job-listings-data-analyst-hudson-data-remote-2-to-5-years-040723500004,30+ Days Ago
Hr Data Analyst,SRM Group,3-6 Yrs,Not disclosed,Remote,Product managementData analysisData validationAnalyticalData collectionbusiness rulesData qualityData Analyst,https://www.naukri.com/job-listings-hr-data-analyst-srm-group-chennai-tamil-nadu-3-to-8-years-031023005007,30+ Days Ago
Data Analyst,Longbow Games,4-9 Yrs,Not disclosed,Mangaluru/Mangalore,MIS reportingReport generationInterpersonal skillsAnalyticalpower biAdvanced ExcelData Analystdata visualization,https://www.naukri.com/job-listings-data-analyst-longbow-games-pvt-ltd-mysore-mysuru-2-to-7-years-030323502342,30+ Days Ago
Data Analyst - US,Bare International,6-9 Yrs,Not disclosed,Remote,Data analysisUsageStatistical modelingorchestrationData modelingsparkSchemaSenior Data Analyst,https://www.naukri.com/job-listings-data-analyst-us-bare-international-mumbai-2-to-5-years-010523500359,30+ Days Ago
Data Analyst,99plus It Solutions,1-2 Yrs,Not disclosed,Remote,Data analysisHelpdeskHP data protectorIT strategyDisaster recoveryDatabaseData AnalystData mining,https://www.naukri.com/job-listings-data-analyst-99plus-it-solutions-vadodara-baroda-2-to-5-years-300419502051,30+ Days Ago
Senior Data Analyst,Sicuremi Healthcare Technologies,2-3 Yrs,Not disclosed,Gurgaon,SANData validationTime managementMarket researchConditional formattingResearchMS OfficeData mining,https://www.naukri.com/job-listings-senior-data-analyst-sicuremi-healthcare-technologies-delhi-4-to-7-years-280619500239,30+ Days Ago
Data Analyst,Clinaarc Clinical Datamanagement,8-10 Yrs,Not disclosed,Chennai,presentationdata analysisdata modelingdata miningspssadobee commercegood,https://www.naukri.com/job-listings-data-analyst-clinaarc-clinical-datamanagement-private-limited-nagpur-2-to-3-years-270320500723,30+ Days Ago
Data Analyst,Kloud9,2-7 Yrs,Not disclosed,Ahmedabad,Business processReport generationPDFWeb technologiesSFDCDeltaXMLCloud,https://www.naukri.com/job-listings-data-analyst-retail-kloud9-technologies-india-private-limited-remote-3-to-7-years-261222502800,30+ Days Ago
Data Analyst,GlowTouch,3-4 Yrs,Not disclosed,"Delhi, gaur",information systemPayrollNetworkingLegal complianceTalent acquisitionStaffingHRISHR,https://www.naukri.com/job-listings-data-analyst-glowtouch-technologies-mangaluru-mangalore-4-to-9-years-250520500784,30+ Days Ago
Insurance Data Analyst,Xduce Infotech,4-6 Yrs,Not disclosed,Ahmedabad,QAManager Quality AssuranceWeb technologiesFunctional testingCompliance managementData AnalystSolution AnalystSoftware solutions,https://www.naukri.com/job-listings-insurance-data-analyst-xduce-ahmedabad-2-to-3-years-240522500136,30+ Days Ago
"BI Data Analyst, Pan India",Lingaro Group,1-4 Yrs,Not disclosed,Remote,Analytical skillsInterpersonal skillsInchargeBusiness Data AnalystAdvocateData AnalystMathematicsManagement,https://www.naukri.com/job-listings-bi-data-analyst-pan-india-lingaro-group-remote-2-to-5-years-240322501480,30+ Days Ago
Data Analyst,Spearline,2-4 Yrs,Not disclosed,Gurgaon,Data AnalystStatisticsSQLPythonQuantitative analysisQuantitativeData analysisAnalysis,https://www.naukri.com/job-listings-data-analyst-spearline-ahmedabad-2-to-6-years-171122501756,30+ Days Ago
DATA ANALYST,Knowledge Excel,2-4 Yrs,Not disclosed,Nagpur,CodingData modelingXMLAnalyticalPostgresqlHealthcareData AnalystOperations,https://www.naukri.com/job-listings-data-analyst-knowledge-excel-services-delhi-gaur-2-to-5-years-170220500876,30+ Days Ago
Data Analyst,Samyak Infotech,1-4 Yrs,Not disclosed,India,Data AnalystStatisticsAWSSQLPythonQuantitative analysisAnalysisData,https://www.naukri.com/job-listings-data-analyst-samyak-infotech-pvt-ltd-ahmedabad-3-to-5-years-160522501947,30+ Days Ago
Sr. Data Analyst,Ivy Tech Solutions,1-5 Yrs,Not disclosed,Pune,UnixData analysisPAASBillingReconciliationData structuresData qualityData Analyst,https://www.naukri.com/job-listings-sr-data-analyst-ivy-tech-solutions-inc-remote-3-to-6-years-150322500156,30+ Days Ago
"Senior Data Analyst,Pan India",CC Staffing International,1-4 Yrs,Not disclosed,"Noida, Delhi",Health insuranceMarket analysisPublishingData collectionData qualitydata integrityForecastingSQL,https://www.naukri.com/job-listings-senior-data-analyst-pan-india-cc-staffing-international-remote-7-to-15-years-110621500734,30+ Days Ago
Data Analyst,Diverse Lynx,3-5 Yrs,Not disclosed,Thane,Change managementVBAMISBillingAS400Data AnalystProject life cycleSQL,https://www.naukri.com/job-listings-data-analyst-diverse-lynx-chennai-1-to-5-years-100523502939,30+ Days Ago
Data Analyst,Right Step Consulting,3-8 Yrs,Not disclosed,Noida,power biData AnalystAdvanced ExcelPythondatadata analysisbiexcel,https://www.naukri.com/job-listings-data-analyst-right-step-consulting-private-limited-gurgaon-2-to-5-years-090617500171,30+ Days Ago
Data Analyst,Mycitynagpur,2-5 Yrs,Not disclosed,"Ghaziabad, Hyderabad/Secunderabad",Data analysisClaimsConsultingHIPAAHealthcareData miningUS healthcareProject delivery,https://www.naukri.com/job-listings-data-analyst-mycitynagpur-nagpur-1-to-5-years-080819501652,30+ Days Ago
Sr. Data Analysts,Ego Flooring,1-5 Yrs,Not disclosed,Hyderabad/Secunderabad,B2BExcelB2COnline salesData AnalystMS OfficePowerpointMS Office Word,https://www.naukri.com/job-listings-sr-data-analysts-ego-flooring-pvt-ltd-india-2-to-6-years-061119501058,30+ Days Ago
Data Analyst,Paramount Health Services,2-15 Yrs,Not disclosed,Pune,CVEnvironmental scienceImage processingTechnicalData collectionData processingData AnalystMSC,https://www.naukri.com/job-listings-data-analyst-paramount-thane-1-to-4-years-010323500248,30+ Days Ago
Data Analyst,Pando India Software Consultants,4-7 Yrs,Not disclosed,Remote,Analytical skillsData analysistableauExcelMachine learningDatabaseData AnalystSQL,https://www.naukri.com/job-listings-data-analyst-pando-india-software-consultants-noida-4-to-9-years-310723500221,30+ Days Ago
Data Analyst III,Realpage,3-6 Yrs,Not disclosed,New Delhi,NetworkingManager TechnologyData AnalystMathematicsData miningBusiness solutionsAsapManagement,https://www.naukri.com/job-listings-data-analyst-iii-realpage-inc-ghaziabad-hyderabad-secunderabad-5-to-8-years-300523501932,30+ Days Ago
Data Analyst II,Realpage,6-8 Yrs,Not disclosed,Pune,AutomationData analysistableauData managementBusiness reportingData modelingSubject Matter ExpertBusiness intelligence,https://www.naukri.com/job-listings-data-analyst-ii-realpage-inc-hyderabad-secunderabad-4-to-7-years-300523501929,30+ Days Ago
Data Analyst,Rxlogix Corporation,1-2 Yrs,Not disclosed,Bellary/Ballari,data cleansingReport generationmetadataManager Quality Assurancedata integrityData AnalystManagementTroubleshooting,https://www.naukri.com/job-listings-data-analyst-rxlogix-corporation-inc-noida-3-to-5-years-300323500118,29 Days Ago
Senior Data Analyst,Zipline,1-3 Yrs,Not disclosed,Mumbai,Data migrationNoSQLRDBMSdata securityData modelingData AnalystStored proceduresbig data,https://www.naukri.com/job-listings-senior-data-analyst-zipline-remote-3-to-6-years-291222502429,30+ Days Ago
Data Analyst,Valasys Media,8-10 Yrs,Not disclosed,New Delhi,Analytical skillsData analysisExcelE-commerceData AnalystSPSSData miningAdobe,https://www.naukri.com/job-listings-data-analyst-valasys-media-pvt-ltd-pune-4-to-9-years-290323502808,30+ Days Ago
Data Analyst Associate,Zobello,1-2 Yrs,Not disclosed,Hyderabad/Secunderabad,AerospaceMarket intelligenceAgileproduct life cycleMEPData AnalystBusiness strategyGas turbine,https://www.naukri.com/job-listings-data-analyst-associate-zobello-new-delhi-1-to-2-years-290116503044,30+ Days Ago
Data Analyst,Ensono,1-3 Yrs,Not disclosed,Hyderabad/Secunderabad,LinuxXMLPostgresqlHTMLJSONAgile methodologymicrosoftOpen source,https://www.naukri.com/job-listings-data-analyst-ensono-technologies-llp-pune-2-to-3-years-280923501308,30+ Days Ago
Manager - Recruitment & Data Analyst,Busisol Sourcing (India),2-5 Yrs,Not disclosed,Hyderabad/Secunderabad,data integrityResearchdatadata analysisanalysts,https://www.naukri.com/job-listings-manager-recruitment-data-analyst-busisol-sourcing-india-pvt-ltd-bellary-ballari-8-to-10-years-280821501409,30+ Days Ago
Contract Data Analyst,Enlighta Solutions,2-5 Yrs,Not disclosed,Hyderabad/Secunderabad,Data Analystdatadata analysis,https://www.naukri.com/job-listings-contract-data-analyst-enlighta-solutions-mumbai-2-to-7-years-280720500648,30+ Days Ago
Senior Data Analyst,Dario Health,2-5 Yrs,Not disclosed,Hyderabad/Secunderabad,tableauExcelProgrammingData AnalystSQLPythonData analysisData,https://www.naukri.com/job-listings-senior-data-analyst-dario-health-new-delhi-3-to-4-years-280623500837,30+ Days Ago
Data Analyst (Deepika),Fusion Plus Solutions Inc,3-5 Yrs,Not disclosed,Pune,Data analysisInterpersonal skillsInvestor relationsCodingProcess improvementdata governanceHealthcareData Analyst,https://www.naukri.com/job-listings-data-analyst-deepika-fusion-plus-solutions-inc-hyderabad-secunderabad-1-to-4-years-280223501043,30 Days Ago
Data analyst,Fusion Plus Solutions Inc,3-6 Yrs,Not disclosed,"Madurai, Tirupur/Tiruppur, Salem, Chennai, Tiruchirapalli/Trichy, Coimbatore",Analytical skillsData analysisToolsE-commerceData AnalystSPSSData miningAdobe,https://www.naukri.com/job-listings-data-analyst-fusion-plus-solutions-inc-hyderabad-secunderabad-2-to-4-years-280223501042,30+ Days Ago
Data Analyst,Fusion Plus Solutions Inc,1-3 Yrs,Not disclosed,Hyderabad/Secunderabad,ExcelFinanceData AnalystPowerpointMonitoringData entryDataData analysis,https://www.naukri.com/job-listings-data-analyst-fusion-plus-solutions-inc-hyderabad-secunderabad-2-to-4-years-280223501041,30+ Days Ago
Data Analyst,Fusion Plus Solutions Inc,2-4 Yrs,Not disclosed,Jaipur,CommerceHTMLdatadata analysis,https://www.naukri.com/job-listings-data-analyst-fusion-plus-solutions-inc-hyderabad-secunderabad-2-to-4-years-280223501038,30+ Days Ago
Data Analyst,Fusion Plus Solutions Inc,1-3 Yrs,Not disclosed,New Delhi,MS SQLCase analysisData modelingProject managementData AnalystProject planningManagementOperations,https://www.naukri.com/job-listings-data-analyst-fusion-plus-solutions-inc-hyderabad-secunderabad-2-to-4-years-280223501037,30+ Days Ago
Data Analyst,Energy Aspects,1-7 Yrs,Not disclosed,New Delhi,remediationData AnalystDataData analysis,https://www.naukri.com/job-listings-data-analyst-energy-aspects-kolkata-1-to-4-years-270923500088,30+ Days Ago
Data Analyst,Diverse Lynx,2-6 Yrs,Not disclosed,Ahmedabad,IT servicesBackendApplication supportChange managementProduction supportCodingOperationsFinancial services,https://www.naukri.com/job-listings-data-analyst-diverse-lynx-pune-1-to-5-years-270521500655,30+ Days Ago
Data Analyst,Sea And Beyond,3-6 Yrs,Not disclosed,Noida,PDFQuality checkAnalyticalData collectionData AnalystData qualitydata integrityOperations,https://www.naukri.com/job-listings-data-analyst-sea-and-beyond-madurai-tirupur-tiruppur-salem-chennai-tiruchirapalli-trichy-coimbatore-1-to-4-years-270323501846,30+ Days Ago
Position of Data Analyst,Anion,3-8 Yrs,Not disclosed,Remote,TrainingtableauUsageHead Business DevelopmentExcelFocusqueryData collection,https://www.naukri.com/job-listings-position-of-data-analyst-anion-healthcare-services-hyderabad-secunderabad-3-to-5-years-270323500704,30+ Days Ago
Data Analyst,Themessagegifts,2-8 Yrs,Not disclosed,Mumbai,ProcurementAnalytical skillsDemand planningAnalyticalSATpower biAdvanced ExcelMS Word,https://www.naukri.com/job-listings-data-analyst-themessagegifts-jaipur-3-to-8-years-270219502025,30+ Days Ago
Research Associate Data Analyst (Quant.),Pratham Edusys,1-3 Yrs,Not disclosed,Remote,Corporate actionsData managementBloombergIncident managementData qualityTroubleshootingTechnical supportFinancial services,https://www.naukri.com/job-listings-research-associate-data-analyst-quant-pratham-edusys-pvt-ltd-new-delhi-2-to-5-years-260623501115,30+ Days Ago
Data Analyst,ASI Apex Sourcing,3-8 Yrs,Not disclosed,Pune,StaffingSenior Data AnalystClient engagementAnalyst 1StatisticsPythonSeniorEngagement,https://www.naukri.com/job-listings-data-analyst-asi-apex-sourcing-new-delhi-1-to-5-years-260520500473,30+ Days Ago
Data Analyst,Advanced Risk Analytics,1-5 Yrs,Not disclosed,New Delhi,MicrostrategyHealth insuranceData analysisAutomationData managementStaffingBusiness intelligencePowerpoint,https://www.naukri.com/job-listings-data-analyst-advanced-risk-analytics-private-limited-ahmedabad-2-to-6-years-260318501976,30+ Days Ago
Data Analyst,Physicswallah,2-6 Yrs,Not disclosed,Ahmedabad,Data analysisProduct engineeringHTMLData AnalystBusiness intelligenceOperationsSQLData extraction,https://www.naukri.com/job-listings-data-analyst-physics-wallah-noida-3-to-6-years-251122500132,30+ Days Ago
Data analyst,Coders Brain Pvt Ltd,5-10 Yrs,Not disclosed,Pune,Analytical skillsfedexNetworkingTechnical ExpertCorporateInfrastructureGeneticsData Analyst,https://www.naukri.com/job-listings-data-analyst-coders-brain-pvt-ltd-remote-2-to-15-years-250823502700,30+ Days Ago
Data Analyst,Coders Brain Pvt Ltd,2-6 Yrs,Not disclosed,Pune,Analytical skillsfedexNetworkingTechnical ExpertCorporateInfrastructureGeneticsData Analyst,https://www.naukri.com/job-listings-data-analyst-coders-brain-pvt-ltd-mumbai-4-to-7-years-250823502699,30+ Days Ago
Data analyst,Coders Brain Pvt Ltd,8-12 Yrs,Not disclosed,New Delhi,Project StaffExcelpower biProject schedulingProject planningData Analystdata visualizationManager Quality Control,https://www.naukri.com/job-listings-data-analyst-coders-brain-pvt-ltd-remote-3-to-6-years-250823502696,30+ Days Ago
Data Analyst (Snowflake),Coders Brain Pvt Ltd,1-6 Yrs,Not disclosed,Trivandrum/Thiruvananthapuram,AdministrationService levelMedical codingPharmaPharmacyManagement consultingLife sciencesPharmacovigilance,https://www.naukri.com/job-listings-data-analyst-snowflake-coders-brain-pvt-ltd-pune-6-to-8-years-250823502695,30+ Days Ago
Data Analyst Associate,Zobello,1-4 Yrs,Not disclosed,Mumbai,ERPProgrammingDatabaseData AnalystJIRAData warehousingAWSSQL,https://www.naukri.com/job-listings-data-analyst-associate-zobello-new-delhi-1-to-2-years-241220502139,30+ Days Ago
Data Analyst,Legalwiz.in,1-5 Yrs,Not disclosed,Mumbai,Data analysisData researchSocial mediaData Analystdataresearchanalysismedia,https://www.naukri.com/job-listings-data-analyst-legalwiz-ahmedabad-1-to-3-years-241120501147,30+ Days Ago
Program Manager & Data Analyst - Gas Turbines,Siemens Energy,1-5 Yrs,Not disclosed,Mumbai,Supply chainAutomationBusiness transformationData managementData collectionBusiness intelligenceMonitoringSQL,https://www.naukri.com/job-listings-program-manager-data-analyst-gas-turbines-siemens-energy-pune-8-to-10-years-240823501749,30+ Days Ago
Sr . Data Analyst,Demandmatrix,5-7 Yrs,Not disclosed,New Delhi,Data Analystprofessionaldatadata analysis,https://www.naukri.com/job-listings-sr-data-analyst-demandmatrix-pune-5-to-8-years-240321500360,30+ Days Ago
Data Analysts,Dodogy,3-6 Yrs,Not disclosed,Noida,deep learningtableauDjangoMySQLMachine learningpower biData AnalystSQL,https://www.naukri.com/job-listings-data-analysts-dodogy-new-delhi-1-to-2-years-210720500802,30+ Days Ago
Data Analyst,Alphaexpression Technologies,3-8 Yrs,Not disclosed,Chennai,AnalyticalData AnalystManagementStatisticsElectricalsSCADAOCSOM,https://www.naukri.com/job-listings-data-analyst-alphaexpression-technologies-trivandrum-thiruvananthapuram-1-to-3-years-210421500523,30+ Days Ago
Data Analyst,Acme Services,2-6 Yrs,Not disclosed,Hyderabad/Secunderabad,data cleansingReport generationmetadataManager Quality Assurancedata integrityData AnalystManagementTroubleshooting,https://www.naukri.com/job-listings-data-analyst-acme-services-mumbai-2-to-5-years-210223503347,30+ Days Ago
Data Analyst,Acme Services,1-3 Yrs,Not disclosed,Remote,Data analysisBusiness reportingData AnalystManagementanalysisdatareporting,https://www.naukri.com/job-listings-data-analyst-acme-services-mumbai-2-to-5-years-210223503038,30+ Days Ago
Data Analyst - Imaginarium,Imaginarium,1-4 Yrs,Not disclosed,Pune,Business reportingAdvanced ExcelData Analystreportingdata analysisdataexcel,https://www.naukri.com/job-listings-data-analyst-imaginarium-imaginarium-india-pvt-ltd-mumbai-2-to-5-years-201222501100,30+ Days Ago
Data Analyst Associate,Zobello,3-7 Yrs,Not disclosed,Ahmedabad,data cleansingReport generationmetadataManager Quality Assurancedata integrityData AnalystManagementTroubleshooting,https://www.naukri.com/job-listings-data-analyst-associate-zobello-new-delhi-1-to-2-years-201117501696,30+ Days Ago
Data Analyst,Impressico Business Solutions,1-3 Yrs,Not disclosed,Hyderabad/Secunderabad,Operations managementSupply chain managementData analysisUsageSales forecastingData AnalystManagementCRM sales,https://www.naukri.com/job-listings-data-analyst-impressico-business-solutions-pvt-ltd-noida-3-to-5-years-200722500948,30+ Days Ago
Data Analyst,Countrees Services And Technologies,2-3 Yrs,Not disclosed,Surat,OMCdata reportingData AnalystMIS generationdatadata analysisreportingmis,https://www.naukri.com/job-listings-data-analyst-countrees-services-and-technologies-pvt-ltd-chennai-3-to-6-years-200123500016,30+ Days Ago
Data Analyst,Eteam,1-2 Yrs,Not disclosed,Mumbai,C++Data analysisSASMISAnalyticalFinanceReconciliationData Analyst,https://www.naukri.com/job-listings-data-analyst-eteam-inc-hyderabad-secunderabad-1-to-3-years-180822501630,30+ Days Ago
Data Analyst,Ivy Tech Solutions,9-10 Yrs,Not disclosed,Remote,Direct marketingExcelSalesWeb technologiesProject managementMarketing planningData AnalystResource management,https://www.naukri.com/job-listings-data-analyst-ivy-tech-solutions-inc-remote-2-to-4-years-170822500914,30+ Days Ago
Salesforce Data Analyst,Fulcrum Alm Solutions,8-12 Yrs,Not disclosed,Hyderabad/Secunderabad,T-SQLAssociate Data Analystintegration leadMachine learningData AnalystMathematicsStored proceduresdata visualization,https://www.naukri.com/job-listings-salesforce-data-analyst-fulcrum-technologies-pune-1-to-3-years-160823500433,30+ Days Ago
Data Analyst,Aaneel Infotech,5-10 Yrs,Not disclosed,"Kolkata, Mumbai, New Delhi, Hyderabad/Secunderabad, Pune, Chennai",Supply chainAutomationBusiness transformationData managementData collectionBusiness intelligenceMonitoringSQL,https://www.naukri.com/job-listings-data-analyst-aaneel-infotech-private-limited-ahmedabad-1-to-7-years-160622500670,30+ Days Ago
Data Analyst,Workfusion,1-5 Yrs,Not disclosed,"Mumbai, New Delhi",information systemPayrollComplianceTalent acquisitionHRISData AnalystHRManagement,https://www.naukri.com/job-listings-data-analyst-workfusion-hyderabad-secunderabad-2-to-6-years-140622500875,30+ Days Ago
Data Analyst,Hashtag Infosystem,3-5 Yrs,Not disclosed,Mumbai,tableauStatistical analysisMachine learningJavascriptlinear regressionpower biData Analystdata visualization,https://www.naukri.com/job-listings-data-analyst-hashtag-infosystem-surat-3-to-6-years-140423500710,15 Days Ago
Data Analyst,Skillety,3-5 Yrs,Not disclosed,Remote,IT servicesData migrationLinuxConsultingHIPAAData miningJIRAProject delivery,https://www.naukri.com/job-listings-data-analyst-skillety-remote-2-to-8-years-131222500132,30+ Days Ago
Data Analyst,Skillety,4-5 Yrs,Not disclosed,Pune,Supply chainPharmaProject managementHealthcareData Analystdata visualizationAnalyticsPrincipal,https://www.naukri.com/job-listings-data-analyst-skillety-hyderabad-secunderabad-1-to-3-years-131222500131,30+ Days Ago
Senior Data Analyst,sRide,2-5 Yrs,Not disclosed,Kolkata,remediationData analysisData managementBloombergbusiness rulesActuarialData qualityAsset management,https://www.naukri.com/job-listings-senior-data-analyst-sride-carpool-kolkata-mumbai-new-delhi-hyderabad-secunderabad-pune-chennai-3-to-8-years-130622501501,30+ Days Ago
Data Analyst - Senior,FedEx TSCS (India) Pvt Ltd,4-7 Yrs,Not disclosed,Gurgaon/Gurugram,AutomationUsageEngineering managementProject managementIndustrial engineeringSEZData qualityInformation technology,https://www.naukri.com/job-listings-data-analyst-senior-fedex-tscs-india-pvt-ltd-mumbai-new-delhi-1-to-5-years-121023501330,30+ Days Ago
Data Analyst - Lead,FedEx TSCS (India) Pvt Ltd,7-12 Yrs,Not disclosed,Hyderabad/Secunderabad,Power Bi ReportsPower BiData AnalysisDataAnalysisHandlingReportingData Handling,https://www.naukri.com/job-listings-data-analyst-lead-fedex-tscs-india-pvt-ltd-mumbai-2-to-6-years-121023501329,17 Days Ago
Data Analyst,Geotechnosoft,4-6 Yrs,Not disclosed,Chennai,PythonSQLPandasQualityDataData analysisData quality,https://www.naukri.com/job-listings-data-analyst-geotechnosoft-noida-5-to-10-years-120423500828,30+ Days Ago
Data Analyst,Stalwart Management Consulting,4-8 Yrs,Not disclosed,"China, Pune, United States (USA)",Business processData analysisData managementBloombergData modelingMISAsset managementInformation management,https://www.naukri.com/job-listings-data-analyst-stalwart-management-consulting-remote-2-to-6-years-111122500612,30+ Days Ago
Data Analyst,Ideas To Impacts Innovation,3-5 Yrs,Not disclosed,Hyderabad/Secunderabad,Data analysisMS SQLManager Quality AssuranceOperational excellenceAnalyticalISSData qualityTest cases,https://www.naukri.com/job-listings-data-analyst-ideas-to-impacts-innovations-pvt-ltd-pune-8-to-12-years-110523500796,30+ Days Ago
Data Analyst,Enmay,2-3 Yrs,Not disclosed,Chennai,Fleet OperationsProject ManagementShip ManagementOperationsDataProjectHandlingData analysis,https://www.naukri.com/job-listings-data-analyst-enmay-kolkata-1-to-6-years-101120501260,30+ Days Ago
Data Analyst,Diverse Lynx,5-7 Yrs,Not disclosed,Noida,Fund accountingCorporate actionsData managementBloombergData modelingCapital marketAsset managementMS Office,https://www.naukri.com/job-listings-data-analyst-diverse-lynx-hyderabad-secunderabad-1-to-5-years-100523502959,30+ Days Ago
Data Analyst,Diverse Lynx,2-3 Yrs,Not disclosed,Mumbai,Database designReverse engineeringData modelingdata management analystDistribution systemData warehousingMonitoringFinancial services,https://www.naukri.com/job-listings-data-analyst-diverse-lynx-chennai-1-to-5-years-100523502950,30+ Days Ago
OMS - Data Analyst,Sorigin Group,8-11 Yrs,Not disclosed,Nagpur,Data analysisOperational excellenceData managementBloombergProject managementAnalyticalAsset managementmicrosoft,https://www.naukri.com/job-listings-oms-data-analyst-sorigin-group-pune-china-united-states-usa-5-to-7-years-090923500819,30+ Days Ago
Data Analyst,Ideslabs,3-5 Yrs,Not disclosed,"Mumbai, Maldah/Malda",Data managementAnalyticalFinanceManager TechnologySQLQuantitative analysisData analysisQuantitative,https://www.naukri.com/job-listings-data-analyst-ideslabs-private-limited-hyderabad-secunderabad-3-to-6-years-080923501810,30+ Days Ago
DATA ANALYST,Zero Gravity Photography,3-5 Yrs,Not disclosed,Kochi/Cochin,Fund accountingJunior StaffData managementBloombergAnalyticalmarket dataAsset managementSQL,https://www.naukri.com/job-listings-data-analyst-zero-gravity-photography-chennai-3-to-8-years-080922501314,30+ Days Ago
Data Analyst,HyreFox Consultants Pvt Ltd,3-5 Yrs,Not disclosed,Hyderabad/Secunderabad,AnalystFund accountingData managementBloombergAnalyticalmarket dataAsset managementSQL,https://www.naukri.com/job-listings-data-analyst-hyrefox-consultants-pvt-ltd-jaipur-2-to-6-years-080822500626,30+ Days Ago
Data Analyst,Brightly,5-7 Yrs,Not disclosed,Gurgaon/Gurugram,Analytical skillsAutomationERP systemGeneral accountingIFSProgrammingData AnalystMathematics,https://www.naukri.com/job-listings-data-analyst-brightly-noida-1-to-3-years-080623502191,30+ Days Ago
Data Analyst,Fashion Tv India,5-10 Yrs,Not disclosed,Remote,AnalystFund accountingData managementBloombergAnalyticalmarket dataAsset managementSQL,https://www.naukri.com/job-listings-data-analyst-fashion-tv-india-mumbai-1-to-4-years-070823500430,24 Days Ago
Data Analyst,Mycitynagpur,4-5 Yrs,Not disclosed,Pune,Data managementData modelingProject managementAnalyticalFinanceProgrammingManager TechnologySQL,https://www.naukri.com/job-listings-data-analyst-mycitynagpur-nagpur-3-to-7-years-070819501018,30+ Days Ago
Data Analyst,Cointab,2-3 Yrs,Not disclosed,New Delhi,Computer scienceSoftware testingSimulationDatabaseData AnalystApplication softwarecomputerdata,https://www.naukri.com/job-listings-data-analyst-cointab-mumbai-maldah-malda-1-to-3-years-060423500328,30+ Days Ago
Data Analyst,UniqLeads,10-20 Yrs,Not disclosed,Pune,AnalystFund accountingData managementBloombergDiversity and InclusionCapital marketInvestment bankingAsset management,https://www.naukri.com/job-listings-data-analyst-uniqleads-research-kochi-cochin-2-to-3-years-050819500600,30+ Days Ago
Associate Data Analyst,Talentas Technology,6-11 Yrs,Not disclosed,"Kolkata, Mumbai, New Delhi, Hyderabad/Secunderabad, Pune, Chennai, Bangalore/Bengaluru",Data managementBloombergTalent acquisitionAnalyticalDiversity and InclusionManager TechnologyAsset managementSQL,https://www.naukri.com/job-listings-associate-data-analyst-talentas-technology-private-limited-hyderabad-secunderabad-1-to-2-years-041022500913,30+ Days Ago
Manager - Recruitment Data Analyst,Busisol Sourcing (India),4-9 Yrs,Not disclosed,Bangalore/Bengaluru,BloombergDatabase designDiversity and InclusionFinancedata management analystAsset managementDistribution systemMonitoring,https://www.naukri.com/job-listings-manager-recruitment-data-analyst-busisol-sourcing-india-pvt-ltd-remote-8-to-12-years-020822500970,30+ Days Ago
Data Analyst,Konceptogen Healthcare,2-4 Yrs,Not disclosed,"Navi Mumbai, Maharashtra",MS SQLData analysisManager Quality AssuranceAnalyticalMachine learningData qualityStakeholder managementRelease management,https://www.naukri.com/job-listings-data-analyst-konceptogen-pune-5-to-10-years-020822500134,7 Days Ago
Data analyst,Purpos Planet,8-15 Yrs,Not disclosed,"Hybrid - Mumbai Suburban, Maharashtra",AutomationBloombergXMLSchedulingPerlOracleBusiness solutionsSQL,https://www.naukri.com/job-listings-data-analyst-purpos-planet-new-delhi-1-to-5-years-020323502771,11 Days Ago
Data Analyst,FIGmd,1-3 Yrs,Not disclosed,Pune,Database designReverse engineeringData modelingdata management analystRepresentativeDistribution systemData warehousingMonitoring,https://www.naukri.com/job-listings-data-analyst-figmd-pune-3-to-5-years-010720500537,16 Days Ago
Principal Data Analyst,Blink Health,2-3 Yrs,Not disclosed,Mumbai,Fund accountingJunior StaffData managementBloombergAnalyticalmarket dataAsset managementSQL,https://www.naukri.com/job-listings-principal-data-analyst-blink-health-kolkata-mumbai-new-delhi-hyderabad-secunderabad-pune-chennai-bangalore-bengaluru-2-to-5-years-231023500891,30+ Days Ago
Master Data Analyst,Oriflame,12-15 Yrs,Not disclosed,Chennai,SemiconductorData managementDiagnosticsCodingAnalyticalMySQLData analyticsPredictive modeling,https://www.naukri.com/job-listings-master-data-analyst-oriflame-cosmetics-ltd-new-delhi-3-to-5-years-120123500002,30+ Days Ago
Customer Data Analyst,Efftronics Systems,,Not disclosed,Pune,Data analysisC++Application supportLinuxSchedulingRisk managementPortfolio managementAnalytics,https://www.naukri.com/job-listings-customer-data-analyst-efftronics-systems-pvt-ltd-mangalagiri-5-to-10-years-070421500199,30+ Days Ago
Senior Business and Data Analyst,Sanofi,1-5 Yrs,Not disclosed,Hyderabad/Secunderabad,Program ManagementProject Managementanalyticsglobal operationsdata analysiscontinuous improvementcustomer servicebusiness leadership,https://www.naukri.com/job-listings-senior-business-and-data-analyst-sanofi-india-ltd-hyderabad-secunderabad-8-to-13-years-161023501013,11 Days Ago
Data Analyst,ACME SERVICES PRIVATE LIMITED,4-9 Yrs,Not disclosed,Mumbai,Data AnalysisanalyticalARIMADigital marketing AnalyticsMarket researchTroubleshootingmachine learning algorithmMachine Learning Algorithms,https://www.naukri.com/job-listings-data-analyst-acme-services-private-limited-mumbai-4-to-6-years-290923904555,29 Days Ago
Data Analyst with Hadoop For one of the leading big4,ACME SERVICES PRIVATE LIMITED,8-10 Yrs,4-9 Lacs PA,Noida,Cost AnalysisTrouble ShootingCost ReductionDataData analysisCostTroubleshootingShooting,https://www.naukri.com/job-listings-data-analyst-with-hadoop-for-one-of-the-leading-big4-acme-services-private-limited-noida-3-to-7-years-261222005052,28 Days Ago
Sr. Data Analyst,Pivotroots Digital,3-7 Yrs,Not disclosed,Mumbai,SQLPythonData analystPower BiDataData analysisBi,https://www.naukri.com/job-listings-sr-data-analyst-pivotroots-digital-private-limited-mumbai-4-to-9-years-031023903760,25 Days Ago
Data Analyst (Steel),Annire,2-5 Yrs,15-19 Lacs PA,"Hyderabad/ Secunderabad, Telangana",Power BiData AnalysisData ExtractionData ReportingReportingExtractionDataAnalysis,https://www.naukri.com/job-listings-data-analyst-steel-annire-hyderabad-secunderabad-telangana-8-to-10-years-300923005205,27 Days Ago
Data Analyst,Local Fox,5-7 Yrs,Not disclosed,Remote,Data analysisGoogle AnalyticsBusiness reportingAnalyticalData analyticsAdvanced ExcelMathematicsdata visualization,https://www.naukri.com/job-listings-data-analyst-local-fox-nasik-nashik-maharashtra-3-to-7-years-111023008880,16 Days Ago
Data Analyst,Login Consultancy.com,1-3 Yrs,4-5 Lacs PA,"Sihora, Madhya Pradesh",Data analysisData managementBusiness analysisProject managementmicrosoftOpen sourceciscoAnalytics,https://www.naukri.com/job-listings-data-analyst-login-consultancy-com-sihora-madhya-pradesh-2-to-5-years-101023010051,17 Days Ago
Data Analyst - Sales Operations,Elasticsearch,4-9 Yrs,Not disclosed,Bangalore/Bengaluru,LinuxData WarehousingETLSQLPythonShell ScriptingDataScripting,https://www.naukri.com/job-listings-data-analyst-sales-operations-elasticsearch-bangalore-bengaluru-1-to-3-years-161023501466,11 Days Ago
Data Analyst - Sales Operations,Referralboard,3-6 Yrs,Not disclosed,Bangalore/Bengaluru,Data analysisRisk assessmentAnalyticalData qualityRisk managementFinancial modellingOperationsRisk mitigation,https://www.naukri.com/job-listings-data-analyst-sales-operations-referral-board-bangalore-bengaluru-1-to-3-years-161023500282,11 Days Ago
Demand Planning - Data Analyst - Retail - Bangalore,Indihire Consultants,8-10 Yrs,14-24 Lacs PA,Bangalore/Bengaluru,EMIRTrading regulatorycompliance reportingSFTRMiFID IIRegulatoryMifidCompliance Review,https://www.naukri.com/job-listings-demand-planning-data-analyst-retail-bangalore-indihire-consultants-bangalore-bengaluru-5-to-10-years-191023009652,8 Days Ago
Trainee Junior Data Analyst,Medimind,2-5 Yrs,Not disclosed,"Hybrid - Ahmedabad, Gujarat, Delhi / NCR, Mumbai (All Areas)",Business processCareer developmentManager Quality AssuranceFinancial reportingFinanceAnalyticalData qualityMonitoring,https://www.naukri.com/job-listings-trainee-junior-data-analyst-medimind-ahmedabad-gujarat-delhi-ncr-mumbai-all-areas-0-to-1-years-191023010574,8 Days Ago
Data Analyst,Techstar Group,4-6 Yrs,7-13 Lacs PA,"Hybrid - Hyderabad/Secunderabad, Chennai, Bangalore/Bengaluru",Data ScienceDataScience,https://www.naukri.com/job-listings-data-analyst-techstar-group-hyderabad-secunderabad-chennai-bangalore-bengaluru-8-to-10-years-140923005880,15 Days Ago
Business Systems/Data Analyst,Pinion Services,3-6 Yrs,Not disclosed,"Visakhapatnam, Hyderabad/Secunderabad",elixirDjangoIntranetArtificial IntelligenceWeb developmentMachine learningSCALAOpen source,https://www.naukri.com/job-listings-business-systems-data-analyst-pinion-services-visakhapatnam-vizag-hyderabad-secunderabad-1-to-8-years-250523500909,30+ Days Ago
Data scientist / Data Analyst / AI Expert,Innovadors Lab,0-1 Yrs,Not disclosed,Bhubaneswar,PPCData analysisdata scienceXMLOnline marketingHTMLSEMSEO,https://www.naukri.com/job-listings-data-scientist-data-analyst-ai-expert-innovadors-lab-pvt-ltd-bhubaneswar-1-to-2-years-300421500568,30+ Days Ago
Business Data Analyst General Ledger,Diverse Lynx,3-8 Yrs,Not disclosed,Mumbai,Business AnalysisSAPPower BIUser StoriesJIRASDLCAnalyticsSQL,https://www.naukri.com/job-listings-business-data-analyst-general-ledger-diverse-lynx-mumbai-5-to-10-years-230320500446,30+ Days Ago
"Data Analyst, Quality - Connected Trips",Booking Holdings,10-14 Yrs,Not disclosed,Bangalore/Bengaluru,IT servicesEmployee trainingData analysisLMSNetwork infrastructureBillingData AnalystICT,https://www.naukri.com/job-listings-data-analyst-quality-connected-trips-booking-holdings-bangalore-bengaluru-3-to-6-years-121023501720,15 Days Ago
"Data Analyst, Global Sourcing",Revvity,1-5 Yrs,Not disclosed,"Kolkata, Mumbai, New Delhi, Hyderabad/Secunderabad, Pune, Chennai, Bangalore/Bengaluru",Performance tuningAutomationDb2Data modelingRDBMSAgileOracleTeradata,https://www.naukri.com/job-listings-data-analyst-global-sourcing-revvity-kolkata-mumbai-new-delhi-hyderabad-secunderabad-pune-chennai-bangalore-bengaluru-2-to-5-years-040823500274,30+ Days Ago
SAP Data Analyst,House Of Shipping,3-5 Yrs,Not disclosed,Chennai,Data analysisAutomationNetworkingPrimary researchPharmaHealthcareMarket researchSPSS,https://www.naukri.com/job-listings-sap-data-analyst-house-of-shipping-chennai-3-to-8-years-261023501352,1 Day Ago
Data Analyst - Learning & Development,Getronics,3-5 Yrs,Not disclosed,Bangalore/Bengaluru,AutomationData analysisData modelingMachine learningData qualityData miningAnalyticsMonitoring,https://www.naukri.com/job-listings-data-analyst-learning-development-getronics-solutions-india-pvt-ltd-bangalore-bengaluru-2-to-5-years-090623501509,30+ Days Ago
Principal Data Analyst,A Priori,4-9 Yrs,Not disclosed,"Kolkata, Mumbai, New Delhi, Hyderabad/Secunderabad, Pune, Chennai, Bangalore/Bengaluru",Product qualityAutomationCommercial vehicleMachine learningAutomotiveTechnical supportAnalyticsSQL,https://www.naukri.com/job-listings-principal-data-analyst-a-priori-kolkata-mumbai-new-delhi-hyderabad-secunderabad-pune-chennai-bangalore-bengaluru-10-to-14-years-041023501235,23 Days Ago
"Lead Engineer - 2,Data Analyst",Pepsi Foods,2-6 Yrs,Not disclosed,Hyderabad/Secunderabad,Strategic managementPDFSASAnalyticalRetail bankingManagement consultingBankingData Analyst,https://www.naukri.com/job-listings-lead-engineer-2-data-analyst-pepsi-foods-priv-limited-hyderabad-secunderabad-5-to-7-years-280723502356,30+ Days Ago
Senior Data Analyst - Quality Assurance,UD Trucks,8-10 Yrs,Not disclosed,Bangalore/Bengaluru,Data analysisAutomationMinitabProcess improvementData qualityData AnalystVBOperations,https://www.naukri.com/job-listings-senior-data-analyst-quality-assurance-ud-trucks-bangalore-bengaluru-3-to-5-years-110823500248,30+ Days Ago
Data Analyst Big4s Consultant/Senior Consultant,Techsist Solution,4-8 Yrs,Not disclosed,"Chennai, Bangalore/Bengaluru",Data analysisAutomationMinitabProcess improvementData qualityData AnalystVBOperations,https://www.naukri.com/job-listings-data-analyst-big4s-consultant-senior-consultant-techsist-solution-pvt-ltd-chennai-bangalore-bengaluru-4-to-9-years-310523500095,30+ Days Ago
Team Leader - Mis/Supply chain Analyst /Data Analyst/Logistics,Pankaj Kumar,2-7 Yrs,3-4.5 Lacs PA,"Mumbai, Maharashtra, New Delhi, Delhi, Bangalore/ Bengaluru, Karnataka(Yelahanka +2)",Supply chainOutboundAnalyticalVASInventory controlBusiness intelligenceForecastingLogistics,https://www.naukri.com/job-listings-team-leader-mis-supply-chain-analyst-data-analyst-logistics-pankaj-kumar-mumbai-maharashtra-new-delhi-delhi-bangalore-bengaluru-karnataka-2-to-6-years-300923007288,27 Days Ago
"Data Analyst, Product Analyst",KiranaKart,2-4 Yrs,Not disclosed,"Bangalore Rural, Karnataka",Power BiEtl ProcessEtl DevelopmentDATA ANALYSTData ExtractionData WarehousingData IntegrationData,https://www.naukri.com/job-listings-data-analyst-product-analyst-zepto-bangalore-rural-karnataka-1-to-4-years-280923009290,29 Days Ago
Data Analyst Sr Engineer,Carrier,1-3 Yrs,Not disclosed,Hyderabad/Secunderabad,JavaCSSGoogle Apps ScriptZohoAPI ConnectData MigrationJASON FilesCRM,https://www.naukri.com/job-listings-data-analyst-sr-engineer-carrierin-services-hyderabad-secunderabad-3-to-5-years-261023501511,1 Day Ago
Data Analyst Lead Engineer,Carrier,2-3 Yrs,Not disclosed,Hyderabad/Secunderabad,Supply chainData analysisProject managementProcess improvementAnalyticalConsultingManagement consultingAnalytics,https://www.naukri.com/job-listings-data-analyst-lead-engineer-carrierin-services-hyderabad-secunderabad-3-to-10-years-261023501510,1 Day Ago
Data Analyst Lead Engineer,Carrier,4-9 Yrs,Not disclosed,Hyderabad/Secunderabad,SANCloud computingAnalyticalArtificial Intelligencedata visualizationBusiness intelligenceCustomer engagementAnalytics,https://www.naukri.com/job-listings-data-analyst-lead-engineer-carrierin-services-hyderabad-secunderabad-8-to-10-years-261023501509,1 Day Ago
Data Analyst - Inventory Control,Quince Corporate Services,5-7 Yrs,Not disclosed,Bangalore/Bengaluru,Data analysisPDFLinuxRDBMSMySQLSCALAdata visualizationReporting tools,https://www.naukri.com/job-listings-data-analyst-inventory-control-quince-bangalore-bengaluru-4-to-8-years-260923500382,30+ Days Ago
Data Analyst,Experis,5-10 Yrs,3.25-6.5 Lacs PA,"Hyderabad/Secunderabad, Chennai, Bangalore/Bengaluru",Data QualitySAPExcelPower BIWorkdayTroubleshootingProject deliveryProject,https://www.naukri.com/job-listings-data-analyst-experis-hyderabad-secunderabad-chennai-bangalore-bengaluru-2-to-7-years-121023010267,15 Days Ago
Jr. Data Analyst,K12 Techno Services,4-7 Yrs,3-4.5 Lacs PA,"Bangalore/ Bengaluru, Karnataka",ProcurementAutomationData validationUsageGCPFinancial planningOracleAnalytics,https://www.naukri.com/job-listings-jr-data-analyst-k12-techno-services-bangalore-bengaluru-karnataka-2-to-4-years-110923000819,16 Days Ago
Data Analyst (Advanced SQL Experience),Thoucentric,3-6 Yrs,Not disclosed,Bangalore/Bengaluru,Data analysisAnalyticalData processingData AnalystSiliconMonitoringConsumer electronicsRobotics,https://www.naukri.com/job-listings-data-analyst-advanced-sql-experience-thoucentric-bangalore-bengaluru-1-to-3-years-100823501609,30+ Days Ago
Data Analyst - Customer Growth Advisory,MoEngage Inc,3-6 Yrs,Not disclosed,Bangalore/Bengaluru,Data managementPredictive modelingData qualitymicrosoftData miningBusiness intelligenceEconometricsOpen source,https://www.naukri.com/job-listings-data-analyst-customer-growth-advisory-moengage-inc-bangalore-bengaluru-2-to-3-years-091023500832,18 Days Ago
DevOps / Big Data Analyst,Kani Solutions,4-8 Yrs,Not disclosed,Bangalore/Bengaluru,Data managementPredictive modelingData qualitymicrosoftData miningBusiness intelligenceEconometricsOpen source,https://www.naukri.com/job-listings-devops-big-data-analyst-kani-solutions-bangalore-bengaluru-4-to-9-years-071023500185,20 Days Ago
Senior Data Analyst ( Cloud Finance ),Palo Alto Networks,1-2 Yrs,Not disclosed,Bangalore/Bengaluru,Data analysisAnalyticalSales analysisWorkflowData AnalystAccount managementForecastingAnalytics,https://www.naukri.com/job-listings-senior-data-analyst-cloud-finance-palo-alto-networks-bangalore-bengaluru-5-to-10-years-051023500251,22 Days Ago
"Senior Data Analyst, Manufacturing Operations",Aeva,1-3 Yrs,Not disclosed,Bangalore/Bengaluru,Data analysisAutomationStatistical analysisConsumer insightsData Analystdata visualizationSEOMarketing research,https://www.naukri.com/job-listings-senior-data-analyst-manufacturing-operations-aeva-bangalore-bengaluru-4-to-7-years-041023501271,23 Days Ago
Data Analyst - SQL,Referralboard,3-8 Yrs,Not disclosed,Bangalore/Bengaluru,Crm SystemsSalesforce CRMSalesforceDataData OperationsData analysisData OperationCRM,https://www.naukri.com/job-listings-data-analyst-sql-referral-board-bangalore-bengaluru-3-to-6-years-041023500590,23 Days Ago
Data Analyst - SQL & Tableau,Referralboard,4-8 Yrs,Not disclosed,Bangalore/Bengaluru,Computer scienceNoSQLcassandraDatabase managementData processingbig data analystMongoDBcouchdb,https://www.naukri.com/job-listings-data-analyst-sql-tableau-referral-board-bangalore-bengaluru-3-to-6-years-041023500589,23 Days Ago
Sales Data Analyst,Media Iq Digital,7-10 Yrs,Not disclosed,Bangalore/Bengaluru,Healthcare Data AnalystData analystData AnalysisDataSeniorHealthcareAnalysisHealthcare Data,https://www.naukri.com/job-listings-sales-data-analyst-miq-digital-bangalore-bengaluru-3-to-5-years-281022502590,30+ Days Ago
Marketing Data Analyst,Nethermind,4-5 Yrs,Not disclosed,Remote,Sap HanaOTCSAP SDDataSapsSAPData analysisSD,https://www.naukri.com/job-listings-marketing-data-analyst-nethermind-remote-1-to-2-years-271023500954,1 Day Ago
Big Data Analyst,Ceresight,2-5 Yrs,Not disclosed,"Kolkata, Mumbai, New Delhi, Hyderabad/Secunderabad, Pune, Chennai, Bangalore/Bengaluru",Client developmentIndustry researchConsultingManagementRecruitmentanalysisresearchanalysts,https://www.naukri.com/job-listings-big-data-analyst-ceresight-kolkata-mumbai-new-delhi-hyderabad-secunderabad-pune-chennai-bangalore-bengaluru-3-to-8-years-270519502384,30+ Days Ago
Data Analyst - SAS + Python / SQL,SmartlyHR ( a unit of Keyquest Technologies Pvt Ltd ),2-7 Yrs,Not disclosed,New Delhi,IT AnalystTechnical servicesData managementAnalyticalData collectionProgrammingData AnalystOracle,https://www.naukri.com/job-listings-data-analyst-sas-python-sql-smartlyhr-a-unit-of-keyquest-technologies-pvt-ltd-new-delhi-4-to-8-years-261023903974,2 Days Ago
Senior Data Analyst,Veritis,2-5 Yrs,Not disclosed,Remote,BackendInterpersonal skillsAnalyticalFront end designJavascriptProgrammingHTMLData Analyst,https://www.naukri.com/job-listings-senior-data-analyst-veritis-hyderabad-secunderabad-telangana-7-to-8-years-261023009119,1 Day Ago
S4 HANA Data Analyst - OTC,Flexi Careers India,3-6 Yrs,22.5-32.5 Lacs PA,"Chennai, Tamil Nadu",remediationData analysisMS SQLData managementAgileData qualityInformaticaStored procedures,https://www.naukri.com/job-listings-s4-hana-data-analyst-otc-flexi-careers-india-chennai-tamil-nadu-7-to-10-years-261023007107,1 Day Ago
Data Analyst- SAS,Eteam,2-6 Yrs,Not disclosed,Bangalore/Bengaluru,Text miningC++Data analysisMachine learningInformation retrievalNatural language processingData miningBioinformatics,https://www.naukri.com/job-listings-data-analyst-sas-eteam-inc-bangalore-bengaluru-4-to-5-years-250822501076,30+ Days Ago
"Sr. Data Analysts,",Navedas,5-7 Yrs,Not disclosed,"Kolkata, Mumbai, New Delhi, Hyderabad/Secunderabad, Pune, Chennai, Bangalore/Bengaluru",SAS AnalysttableauExcelData AnalystSQLdatadata analysissas,https://www.naukri.com/job-listings-sr-data-analysts-navedas-technology-solutions-private-limited-kolkata-mumbai-new-delhi-hyderabad-secunderabad-pune-chennai-bangalore-bengaluru-1-to-6-years-221019500548,30+ Days Ago
Data Management - Data Analyst-IT I,HighPoints Technologies India Private Limited,2-5 Yrs,Not disclosed,"Kolkata, Mumbai, New Delhi, Hyderabad/Secunderabad, Pune, Chennai, Bangalore/Bengaluru",SQL queriesPackagingManager TechnologyWellnessData AnalystPrincipalCounsellingPython,https://www.naukri.com/job-listings-data-management-data-analyst-it-i-highpoints-technologies-india-private-limited-kolkata-mumbai-new-delhi-hyderabad-secunderabad-pune-chennai-bangalore-bengaluru-2-to-5-years-220923500174,30+ Days Ago
GIS Data Analyst,Khushi Baby,2-7 Yrs,Not disclosed,"Udaipur, Jaipur, Bangalore/Bengaluru",Analytical skillsfedexNetworkingTechnical ExpertCorporateInfrastructureGeneticsData Analyst,https://www.naukri.com/job-listings-gis-data-analyst-khushi-baby-udaipur-jaipur-bangalore-bengaluru-2-to-7-years-220622500176,30+ Days Ago
SAS Data Analyst,Diverse Lynx,4-7 Yrs,Not disclosed,Bangalore/Bengaluru,Relationship managementData analysisInformaticaInformation technologyFinancial servicesSQLAuditingPython,https://www.naukri.com/job-listings-sas-data-analyst-diverse-lynx-bangalore-bengaluru-2-to-6-years-200321500233,30+ Days Ago
Principal Data Analyst,Yourdost,2-5 Yrs,Not disclosed,Bangalore/Bengaluru,Relationship managementData analysisInformaticaInformation technologyFinancial servicesSQLAuditingPython,https://www.naukri.com/job-listings-principal-data-analyst-yourdost-bangalore-bengaluru-5-to-7-years-140423500744,30+ Days Ago
Data Analyst - iLog developer,FedEx TSCS (India) Pvt Ltd,6-7 Yrs,Not disclosed,"Mumbai, Bangalore/Bengaluru",Relationship managementData analysisInformaticaInformation technologyFinancial servicesSQLAuditingPython,https://www.naukri.com/job-listings-data-analyst-ilog-developer-fedex-tscs-india-pvt-ltd-mumbai-bangalore-bengaluru-2-to-5-years-121023501328,15 Days Ago
Sr. Data Analyst,Bobble App,3-6 Yrs,Not disclosed,"Gurgaon, Bengaluru",IT servicesSupply chainBusiness objectsData analysisSAPManager Quality AssuranceAgileData quality,https://www.naukri.com/job-listings-sr-data-analyst-bobble-app-gurgaon-bengaluru-bangalore-2-to-7-years-090620500210,30+ Days Ago
Statistician/Data Analyst,Authenu,2-6 Yrs,Not disclosed,Bengaluru,Statistical programmingClaimsSASData managementHealthcaremedical recordsData miningBioinformatics,https://www.naukri.com/job-listings-statistician-data-analyst-authenu-bengaluru-bangalore-2-to-7-years-081117500094,30+ Days Ago
"Lead Engineer - 2,Data Analyst",Pepsi Foods,5-9 Yrs,Not disclosed,Hyderabad/Secunderabad,SAPExcelMaster Data ManagementData managementManagementDataData analysisMaster data,https://www.naukri.com/job-listings-lead-engineer-2-data-analyst-pepsi-foods-priv-limited-hyderabad-secunderabad-6-to-7-years-070723501258,30+ Days Ago
Principal RWE Scientific data analyst,Novartis,8-13 Yrs,Not disclosed,Hyderabad/Secunderabad,People developmentRenewable energyCompliancedata reportingFocusproduct life cycleSuccession planningData quality,https://www.naukri.com/job-listings-principal-rwe-scientific-data-analyst-novartis-healthcare-pvt-ltd-hyderabad-secunderabad-3-to-6-years-060923500258,30+ Days Ago
Data Analyst,Falcon Smart It,1-5 Yrs,Not disclosed,Bangalore/Bengaluru,Electrical engineeringComputer visionRedhatData analysisPublishingNeural networksArtificial IntelligenceMachine learning,https://www.naukri.com/job-listings-data-analyst-falcon-smart-it-bangalore-bengaluru-2-to-6-years-060522500470,30+ Days Ago
Master Data Analyst,Vestas,7-12 Yrs,Not disclosed,Chennai,Data conversionISOXMLData qualitydata integritydata management analystmicrosoftOracle,https://www.naukri.com/job-listings-master-data-analyst-vestas-chennai-2-to-7-years-051023008025,22 Days Ago
GIS Data Analyst,Khushi Baby,5-10 Yrs,Not disclosed,"Jaipur, Bangalore/Bengaluru",SANExcelData managementProject managementConsultingTelecommunicationResearchPrivate equity,https://www.naukri.com/job-listings-gis-data-analyst-khushi-baby-jaipur-bangalore-bengaluru-2-to-7-years-031022501076,30+ Days Ago
Junior Data Analyst,Knoah Solutions Pvt Ltd,10-12 Yrs,Not disclosed,Hyderabad/Secunderabad,advanced analyticsData analysisDatabaseData analyticsdata visualizationAnalyticsproduct analysisdata,https://www.naukri.com/job-listings-junior-data-analyst-knoah-solutions-pvt-ltd-hyderabad-secunderabad-2-to-3-years-150623500327,30+ Days Ago
Data Analyst - Technology Consulting,Tiger Analytics,6-11 Yrs,Not disclosed,Chennai,C++NoSQLChip designArtificial IntelligenceData structuresSchedulingVirtualizationForecasting,https://www.naukri.com/job-listings-data-analyst-technology-consulting-tiger-analytics-chennai-5-to-10-years-140922502297,30+ Days Ago
Business Data Analyst,Phoenix Group,5-8 Yrs,Not disclosed,Pune,database analysisinnovationsimulinkdata analyticssoftware developmentanalyticalspicepresentation skills,https://www.naukri.com/job-listings-business-data-analyst-griffyn-robotech-pvt-ltd-pune-4-to-7-years-180822502586,30+ Days Ago
Business Data Analyst,Micron Software,3-4 Yrs,Not disclosed,Hyderabad/Secunderabad,Financial Planning And AnalysisAdvanced ExcelFinancial ReportingFinancial AnalyticsData AnalyticsFinancial ModellingHiringModeling,https://www.naukri.com/job-listings-business-data-analyst-micron-software-hyderabad-secunderabad-5-to-7-years-080923500577,30+ Days Ago
Senior Data Analyst,Xpheno,2-6 Yrs,Not disclosed,Bangalore/Bengaluru,data analystDataPharmaceuticalData analysis,https://www.naukri.com/job-listings-senior-data-analyst-xpheno-bangalore-bengaluru-3-to-6-years-100123500195,30+ Days Ago
Sr Data Analyst,Coders Brain Pvt Ltd,3-8 Yrs,Not disclosed,"Kolkata, Mumbai, New Delhi, Hyderabad/Secunderabad, Pune, Chennai, Bangalore/Bengaluru",Data analysisExcelAnalyticalData AnalystAnalyticsSQLJunior Data AnalystPython,https://www.naukri.com/job-listings-sr-data-analyst-coders-brain-pvt-ltd-kolkata-mumbai-new-delhi-hyderabad-secunderabad-pune-chennai-bangalore-bengaluru-8-to-15-years-280823501246,30+ Days Ago
GVM Data Analyst,Sony,7-10 Yrs,Not disclosed,Bangalore/Bengaluru,Zoho AnalyticsZoho CrmZohoData AnalysisSQLDataAnalysisAnalytics,https://www.naukri.com/job-listings-gvm-data-analyst-sony-india-software-centre-pvt-ltd-bangalore-bengaluru-1-to-4-years-090123501639,30+ Days Ago
Data Analyst (Preferred Pharma Background),AR Consultant,5-7 Yrs,3-4 Lacs PA,"Mumbai, Maharashtra(Dadar)",data extractiondata analysisdata visualizationDataAnalysisExtractionPart timePart,https://www.naukri.com/job-listings-data-analyst-preferred-pharma-background-ar-consultant-mumbai-maharashtra-1-to-5-years-271023013881,1 Day Ago
Jr. Data Analyst,Rocket Learning,2-6 Yrs,Not disclosed,Remote,excelAdvanced ExcelCountifcountifsVLOOKUPFormulasData Cleansingindex,https://www.naukri.com/job-listings-jr-data-analyst-rocket-learning-remote-2-to-6-years-241023500020,3 Days Ago
Data Analyst & Zoho One Specialist,Bharat Kumar & Co. Pvt. Ltd.,2-5 Yrs,1.5-3 Lacs PA,"Kolkata, West Bengal",Base SASpythonsaspower bianalyticsSAS MacrosgcpData,https://www.naukri.com/job-listings-data-analyst-zoho-one-specialist-bharat-kumar-co-pvt-ltd-kolkata-west-bengal-3-to-8-years-241023002645,4 Days Ago
Associate - National Sales Data Analyst ( Third Party Role ),Mastermind Network,2-4 Yrs,10-12 Lacs PA,Delhi / NCR,AutomationNoSQLAnalyticalMachine learningAgileData processingPower supplyPython,https://www.naukri.com/job-listings-associate-national-sales-data-analyst-third-party-role-mastermind-network-delhi-ncr-7-to-10-years-231023001237,1 Day Ago
Hiring For Data Analyst Trainer / Data Science Trainer,Nagesh Gaikwad,1-3 Yrs,5-10 Lacs PA,"Chinchwad, Karve Nagar",Power BiPower Bi DashboardsMicrosoft Power BiPower Bi ReportsDax QueriesETL processesData AnalysisData Visualization,https://www.naukri.com/job-listings-hiring-for-data-analyst-trainer-data-science-trainer-nagesh-gaikwad-chinchwad-karve-nagar-4-to-8-years-131222012459,2 Days Ago
Data Analyst/Part Time Supports,Platinus Technologies,2-3 Yrs,Not disclosed,Remote,Customer acquisitionProduct AnalystTranslationBusiness EconomicsGap analysisAdvanced ExcelData analyticsResearch,https://www.naukri.com/job-listings-data-analyst-part-time-supports-platinus-technologies-hyderabad-secunderabad-8-to-13-years-090923006515,3 Days Ago
Data Analyst,Mcaffeine,3-7 Yrs,Not disclosed,"Mumbai, Maharashtra",Power BiBusiness AnalyticsData StudioSQL QueriesTableauProduct AnalysisData AnalysisSQL,https://www.naukri.com/job-listings-data-analyst-mcaffeine-mumbai-maharashtra-5-to-7-years-080923005913,3 Days Ago
"Urgent Hiring For Data Analyst ( SAS/SAS-BASE,Python) , Noida",EXL,3-5 Yrs,5-15 Lacs PA,"Noida, Delhi / NCR, Greater Noida",AutomationAnalyticalBankingAgileManagementTraining and DevelopmentSQLBusiness operations,https://www.naukri.com/job-listings-urgent-hiring-for-data-analyst-sas-sas-base-python-noida-exl-noida-delhi-ncr-greater-noida-2-to-6-years-060923007259,4 Days Ago
Modeling Analyst / Data Analyst - SQL,Risk Management Solutions (RMS),3-8 Yrs,Not disclosed,Bangalore/Bengaluru,Data ManagementData AnalysisData VisualizationInformation AssuranceData GovernanceElectronic Document Management Systems (EDMS)Engineering Data Warehouses (EDW)Governance,https://www.naukri.com/job-listings-modeling-analyst-data-analyst-sql-risk-management-solutions-rms-noida-uttar-pradesh-1-to-4-years-161023001417,12 Days Ago
Oracle Data Analyst,GP Strategies,8-13 Yrs,Not disclosed,Delhi / NCR,Power BiData Analysisdata analystDataBiAnalysis,https://www.naukri.com/job-listings-oracle-data-analyst-gp-strategies-chennai-7-to-12-years-201023006178,8 Days Ago
Hiring Data Analyst For a Top Nbfc Company,GIST Management Solutions,8-13 Yrs,2.25-5.5 Lacs PA,Pune,production cost modellingelectricity marketplexosenergy marketenergy market price forecastpower market analysisenergy dataModeling,https://www.naukri.com/job-listings-hiring-data-analyst-for-a-top-nbfc-company-gist-management-solutions-delhi-ncr-1-to-5-years-201023005983,8 Days Ago
GBS Data Operations - Document and Engineering Data Analyst,BP p.l.c.,3-9 Yrs,Not disclosed,Pune,Report generationStatistical modelingData analysisMachine learningData collectionHypothesis TestingData Research Analystdata visualization,https://www.naukri.com/job-listings-gbs-data-operations-document-and-engineering-data-analyst-bp-p-l-c-pune-2-to-5-years-181023500553,9 Days Ago
Power BI Data Analyst,Alfalogic Solutions,4-7 Yrs,Not disclosed,Hybrid - Pune,RelativityOneIPROE-discoveryRevealMS ExcelData ManipulationPython DataData,https://www.naukri.com/job-listings-power-bi-data-analyst-alfalogic-solutions-dubai-10-to-20-years-201023008635,7 Days Ago
Senior Data Analyst,Talentbot Technologies,3-8 Yrs,Not disclosed,"Hyderabad/Secunderabad, Canada",BPO ManagementCustomer ExperienceData AnalysisStakeholder ManagementOperations ManagementCall Center ManagementCustomer Experience ManagementService Excellence Management,https://www.naukri.com/job-listings-senior-data-analyst-talentbot-technologies-hyderabad-secunderabad-telangana-pune-maharashtra-7-to-12-years-181023010298,9 Days Ago
Data Analyst - eDiscovery/Litigation Support,Ayonih Data Services Pvt. Ltd.,5-8 Yrs,Not disclosed,Remote,RegressionMachine Learning AlgorithmsPython DevelopmentPythonRegression ModelingDataMachineModeling,https://www.naukri.com/job-listings-data-analyst-ediscovery-litigation-support-ayonih-data-services-pvt-ltd-pune-3-to-8-years-131023010235,14 Days Ago
Big Data Analyst - Part time,Write Academy,2-7 Yrs,Not disclosed,Remote,IT servicesAutomationManaged servicesGITLinuxEnterprise applicationsMachine learningHIPAA,https://www.naukri.com/job-listings-big-data-analyst-part-time-write-academy-chennai-1-to-6-years-011018500124,30+ Days Ago
DATA ANALYST_Full-Time_Gurugram_Direct Hire,Best Infosystems,2-5 Yrs,10-20 Lacs PA,"Hybrid - Pune, Gurgaon/Gurugram",AutomationData analysisArtificial IntelligenceMachine learningAlgorithm developmentPattern recognitionData miningRuby,https://www.naukri.com/job-listings-data-analyst-full-time-gurugram-direct-hire-best-infosystems-gurgaon-gurugram-haryana-6-to-10-years-131023004211,15 Days Ago
SAP EWM Data Analyst_B2/C1_Pan India,Diverse Lynx,12-20 Yrs,Not disclosed,Gurgaon/Gurugram,NoSQLArchitecturedata scienceMachine learningData processingMongoDBData miningAnalytics,https://www.naukri.com/job-listings-sap-ewm-data-analyst-b2-c1-pan-india-diverse-lynx-gurgaon-gurugram-4-to-5-years-220621500634,30+ Days Ago
Head of Data Analyst,K Ramanathan & Co,3-7 Yrs,Not disclosed,Delhi / NCR,Data AnalysisData ReportingPower BiTableauBiGasAnalysisDNS,https://www.naukri.com/job-listings-head-of-data-analyst-k-ramanathan-co-chennai-tamil-nadu-10-to-18-years-111023009689,16 Days Ago
Sr Data Analyst | Boutique strategy research company | GGN,unnati,4-9 Yrs,Not disclosed,Remote,Performance tuningAutomationDb2Data modelingRDBMSAgileOracleTeradata,https://www.naukri.com/job-listings-sr-data-analyst-boutique-strategy-research-company-ggn-unnati-delhi-ncr-3-to-6-years-290823006183,23 Days Ago
Clinical Data Analyst & Auditing Specialist,Zignaai,2-7 Yrs,Not disclosed,Kochi/Cochin,Data analysisVersion controlGITData modelingdata securitySchedulingData qualitySQL,https://www.naukri.com/job-listings-clinical-data-analyst-auditing-specialist-zignaai-hyderabad-secunderabad-5-to-10-years-230923500752,30+ Days Ago
E-Commerce Data Analyst,SBSOL Digital,4-7 Yrs,Not disclosed,Kochi/Cochin,BPOAnalyticalMachine learningRisk AnalystCredit riskdata visualizationInformation technologyFinancial services,https://www.naukri.com/job-listings-e-commerce-data-analyst-sbsol-digital-pvt-ltd-kochi-cochin-2-to-7-years-200923501191,30+ Days Ago
E - commerce Data Analyst,Shine Business Solutions,2-4 Yrs,Not disclosed,Mumbai (All Areas),workday data analystWorkday transactional processingworkday dataProcessWorkdayPMProcessingData,https://www.naukri.com/job-listings-e-commerce-data-analyst-shine-business-solutions-kochi-cochin-2-to-7-years-150923500291,30+ Days Ago
Sr. Specialist Data Analyst,"Iquest Solutions Corp, Usa",4-9 Yrs,Not disclosed,Singapore,AnalystExcelproject supportBusiness analysisBusiness analyticsData collectionManagementData mining,https://www.naukri.com/job-listings-sr-specialist-data-analyst-iquest-solutions-corp-usa-hyderabad-secunderabad-4-to-6-years-140923501455,30+ Days Ago
Data Analyst - Oil & Gas Domain,Leuwint Technologies,2-5 Yrs,Not disclosed,Hyderabad/Secunderabad,MIS ReportingMIS reportMIS OperationsVLOOKUPMISanalysisHLOOKUPReporting,https://www.naukri.com/job-listings-data-analyst-oil-gas-domain-leuwint-technologies-singapore-2-to-5-years-121023010849,15 Days Ago
"Lead Engineer - 2,Data Analyst",Global Talent Exchange,5-6 Yrs,Not disclosed,"Kolkata, Mumbai, New Delhi, Hyderabad/Secunderabad, Pune, Chennai, Bangalore/Bengaluru",MiningData analysisConsultingSEMMS OfficeSEOCustomer engagementOperations,https://www.naukri.com/job-listings-lead-engineer-2-data-analyst-global-talent-exchange-hyderabad-secunderabad-8-to-12-years-110923501751,30+ Days Ago
Data Analyst (Credit Risk Analyst),Mantras2Success Consultants,1-1 Yrs,Not disclosed,Bangalore/Bengaluru,AutomationData validationDeltaIssue resolutionData qualityData Quality AnalystInformation technologyMonitoring,https://www.naukri.com/job-listings-data-analyst-credit-risk-analyst-mantras2success-consultants-hyderabad-secunderabad-2-to-3-years-110123501288,30+ Days Ago
Workday Data Analyst - Bangalore - 12pm - 9 pm,Indihire Consultants,4-8 Yrs,4-7 Lacs PA,Hyderabad/Secunderabad,it risk managementrisk managementrisk assessmentismsproject managementdata analysiscloud securityiso,https://www.naukri.com/job-listings-workday-data-analyst-bangalore-12pm-9-pm-indihire-consultants-bangalore-bengaluru-2-to-7-years-271023012305,1 Day Ago
"Senior Data Analyst, Project Management Office (PMO)",Calyx,2-4 Yrs,Not disclosed,Vadodara,Data AnalysisAnalysisData,https://www.naukri.com/job-listings-senior-data-analyst-project-management-office-pmo-calyx-hyderabad-secunderabad-4-to-7-years-240723501980,30+ Days Ago
Senior Executive Data Analyst,Ascendion Engineering,3-5 Yrs,Not disclosed,Mumbai (All Areas),Cloud computingmetadataData validationBusiness transformationData modelingAnalyticalSchemadata governance,https://www.naukri.com/job-listings-senior-executive-data-analyst-ascendion-vadodara-baroda-2-to-4-years-160823501559,30+ Days Ago
Looking Senior Manager/ Manager - MIS &Data Analyst based- Lowerparel,Anand Rathi,1-5 Yrs,5.5-10 Lacs PA,Gurgaon/Gurugram,Data analysisSales strategyGoogle AnalyticsExcelBusiness reportingdata reportingData Analystdata visualization,https://www.naukri.com/job-listings-looking-senior-manager-manager-mis-data-analyst-based-lowerparel-anand-rathi-mumbai-all-areas-6-to-11-years-121023007568,15 Days Ago
Data Analyst/Content Writer Specialist,Sunderella,5-8 Yrs,Not disclosed,Remote,EnglishData modelingBillingToolsStoresBusiness intelligenceCardsMicrosoft Excel,https://www.naukri.com/job-listings-data-analyst-content-writer-specialist-sunderella-mysore-mysuru-2-to-5-years-110623500005,30+ Days Ago
Data Analyst-1,FLUTTER International,2-3 Yrs,Not disclosed,Indore,Data analysisSASMS AccessAnalyticalHealthcareData AnalystActuarialOracle,https://www.naukri.com/job-listings-data-analyst-1-flutter-international-hyderabad-secunderabad-telangana-1-to-1-years-051023007504,23 Days Ago
Marketing Data Analyst,Headspin Technologies,8-12 Yrs,Not disclosed,Mumbai (All Areas),Executive SupportExcel Report PreparationData AnalysisStrong Analytical SkillsWordTime ManagementExcel PowerpointStrong Interpersonal Skills,https://www.naukri.com/job-listings-marketing-data-analyst-headspin-technologies-private-limited-remote-2-to-4-years-310823501093,30+ Days Ago
Data Analyst and MIS,Asian Business Exhibitions & Conferences (ABEC),8-12 Yrs,3.5-6 Lacs PA,Mumbai,LoansData analysisAutomationPublishingAnalyticalData collectionManager Quality ControlGaming,https://www.naukri.com/job-listings-data-analyst-and-mis-asian-business-exhibitions-conferences-abec-mumbai-all-areas-3-to-5-years-300923003498,28 Days Ago
Senior Data Analyst cum MIS Executive,Oasis Insurance Brokers,4-7 Yrs,Not disclosed,Hyderabad/Secunderabad,Strategic Business PlanningBusiness StrategyStrategy Makingmarket researchMarket AnalysisInsightsDataBusiness planning,https://www.naukri.com/job-listings-senior-data-analyst-mis-executive-oasis-insurance-brokers-mumbai-2-to-6-years-300523501865,30+ Days Ago
Senior Marketing Data Analyst,Altus Group,4-7 Yrs,Not disclosed,Vadodara,IT servicesAnalytical skillsGoogle AnalyticsExceldata reportingSOCIncident managementData Analyst,https://www.naukri.com/job-listings-senior-marketing-data-analyst-altus-group-hyderabad-secunderabad-5-to-8-years-290923501981,28 Days Ago
Healthcare Data Analyst,Scalable Systems,1-3 Yrs,Not disclosed,Mumbai,Computer sciencePerformance tuningquery optimizationData modelingMachine learningData structuresData processingData quality,https://www.naukri.com/job-listings-healthcare-data-analyst-scalable-systems-pvt-ltd-bhubaneswar-10-to-20-years-290623500429,30+ Days Ago
data analyst cum executive assistant,Reliant Packaging Films Pvt Ltd,4-9 Yrs,1.75-3 Lacs PA,Chennai,AutomationNursingInsurance claimsTime managementProcess improvementAnalyticalHealthcareData Analyst,https://www.naukri.com/job-listings-data-analyst-executive-assistant-reliant-packaging-films-pvt-ltd-manesar-haryana-bilaspur-2-to-3-years-280923007567,29 Days Ago
Strategy & Insights Manager (Data Analyst),Axiom Ayurveda Pvt.Ltd,12-22 Yrs,10-15 Lacs PA,"Ambala, Haryana",SANHead Business DevelopmentPDFData managementMISSOCClient coordinationSMS,https://www.naukri.com/job-listings-strategy-insights-manager-data-analyst-axiom-ayurveda-pvt-ltd-ambala-8-to-12-years-270923009702,30 Days Ago
Strategy & Insights Manager (Data Analyst),Axiom Ayurveda,2-3 Yrs,10-15 Lacs PA,Hyderabad/Secunderabad,AutomationData analysisEnterprise architectureDatastageInformaticaSSISTeradataBusiness intelligence,https://www.naukri.com/job-listings-strategy-insights-manager-data-analyst-axiom-ayurveda-ambala-haryana-8-to-12-years-270923005921,30+ Days Ago
Data Analyst - Digital Ads,DAZN,3-7 Yrs,Not disclosed,Remote,Data AnalystRAvpPythonPower BIdata modellingScalaTableau,https://www.naukri.com/job-listings-data-analyst-digital-ads-dazn-group-hyderabad-secunderabad-6-to-8-years-270723501750,30+ Days Ago
Medical Data Analyst,Ardem Data Services,5-10 Yrs,Not disclosed,Hyderabad/Secunderabad,Product managementData analysisFinancial statementsFinancial analysisEquity researchMarket intelligenceLicensingForecasting,https://www.naukri.com/job-listings-medical-data-analyst-ardem-data-services-private-limited-lucknow-1-to-3-years-210823501195,30+ Days Ago
"MIS, Data Analyst - Non IT",Belhem Hospitality,2-7 Yrs,Not disclosed,Indore,Business processMicrostrategyDigital mediaRetailData analysisWeb analyticsBusiness analyticsFMCG,https://www.naukri.com/job-listings-mis-data-analyst-non-it-belhem-hospitality-pvt-ltd-mumbai-4-to-9-years-180923501770,30+ Days Ago
Data Analyst,The Modern Data Company,4-9 Yrs,Not disclosed,Mumbai (All Areas),IT servicesSupply chainBusiness objectsData analysisSAPManager Quality AssuranceAgileData quality,https://www.naukri.com/job-listings-data-analyst-rubik-ai-indore-1-to-4-years-160822501734,30+ Days Ago
Data Analyst(AVP),Bharathire.com,4-6 Yrs,25-32.5 Lacs PA,"Hyderabad/ Secunderabad, Telangana",Report generationData analysisMS SQLBrand strategyData collectionpower bidata visualizationmicrosoft,https://www.naukri.com/job-listings-data-analyst-avp-bharathire-com-mumbai-all-areas-12-to-22-years-150923604569,30+ Days Ago
Content Data Analyst,GHX,1-5 Yrs,Not disclosed,Hyderabad/Secunderabad,ISMSBusiness AnalystWeb developmentManager TechnologyApplication developmentData AnalystITESTechnical support,https://www.naukri.com/job-listings-content-data-analyst-ghx-hyderabad-secunderabad-telangana-2-to-3-years-140923610621,30+ Days Ago
Executive Data Analyst,Zeevika Livelihood Consultant,2-4 Yrs,Not disclosed,Pune,Data analysisData validationSASPHPData qualitySPSSData miningOperations,https://www.naukri.com/job-listings-executive-data-analyst-zeevika-livelihood-consultant-lucknow-2-to-6-years-130423502038,30+ Days Ago
"Lead Engineer - 2,Data Analyst-NRI",Global Talent Exchange,8-13 Yrs,Not disclosed,"Mysore/Mysuru, Vadodara",Data analysisInterpersonal skillsExcelSalesAnalyticalCustomer serviceBusiness strategyMonitoring,https://www.naukri.com/job-listings-lead-engineer-2-data-analyst-nri-global-talent-exchange-hyderabad-secunderabad-6-to-7-years-120923500364,30+ Days Ago
Data Analyst,Diya Systems (Mangalore) Pvt. Ltd.,1-5 Yrs,Not disclosed,"Jamnagar, Ahmedabad, Rajkot, Surat, Vadodara",Customer Service ManagementService Delivery ManagementCustomer SatisfactionCall Center Technologycustomer sucessProject ManagementCustomer ExperienceWorkforce Management,https://www.naukri.com/job-listings-data-analyst-diya-systems-mangalore-pvt-ltd-mangalore-4-to-9-years-111120501219,30+ Days Ago
Global Quality Operation Data Analyst - Module/SSD,Micron Software,4-6 Yrs,Unpaid,Chennai(Sholinganallur),AnalyticalMachine learningJavascriptData AnalystData miningBusiness intelligenceAnalyticsSQL,https://www.naukri.com/job-listings-global-quality-operation-data-analyst-module-ssd-micron-software-jamnagar-ahmedabad-rajkot-surat-vadodara-baroda-3-to-6-years-111023501699,Starts in 1-3 months
Power Bi Developer / Data Analyst / Data Engineer,Stradegi Solutions,4-6 Yrs,Not disclosed,Pune,EnglishData modelingBillingToolsStoresBusiness intelligenceCardsMicrosoft Excel,https://www.naukri.com/job-listings-power-bi-developer-data-analyst-data-engineer-stradegi-solutions-chennai-4-to-6-years-111023004940,17 Days Ago
Data Analyst,Diverse Lynx,5-8 Yrs,Not disclosed,Remote,Data managementHIPAAHealthcareContinuous improvementOperationsInformation technologyAnalyticsMonitoring,https://www.naukri.com/job-listings-data-analyst-diverse-lynx-pune-1-to-5-years-110621501071,30+ Days Ago
"Junior Data Analyst,Pan India",CC Staffing International,5-10 Yrs,Not disclosed,"Calicut/Kozhikode, Trivandrum/Thiruvananthapuram",Data managementHIPAAHealthcareContinuous improvementOperationsInformation technologyAnalyticsMonitoring,https://www.naukri.com/job-listings-junior-data-analyst-pan-india-cc-staffing-international-remote-4-to-6-years-110621500735,30+ Days Ago
Junior Data Analyst,Times World Information Technology,5-10 Yrs,Not disclosed,"New Delhi, Delhi",Data QualityData Managementdata analystGovernanceQuality analysisManagementData analysisApplication,https://www.naukri.com/job-listings-junior-data-analyst-times-world-information-technology-calicut-kozhikode-trivandrum-thiruvananthapuram-2-to-3-years-110123500664,30+ Days Ago
Product Associate/Data Analyst,Gigabyte Technology India,2-4 Yrs,5-9 Lacs PA (Including Variable: 20.0%),Remote,CADDocument controllerDocument Control3D DrawingControlDocumentsData qualityData,https://www.naukri.com/job-listings-product-associate-data-analyst-gigabyte-technology-india-new-delhi-delhi-2-to-4-years-101023005841,18 Days Ago
Medical Data Analyst,Ardem Data Services,1-3 Yrs,2 Lacs PA,Mumbai,TallyTDSERPCostingSAPMISReconciliationBook Keeping,https://www.naukri.com/job-listings-medical-data-analyst-ardem-data-services-lucknow-uttar-pradesh-1-to-2-years-101023005613,18 Days Ago
Sales Coordinator cum Data Analyst,Tanla Platforms,6-8 Yrs,Not disclosed,Hyderabad/Secunderabad,ExcelPower BiPower QuerySQLDataQueryBiData analysis,https://www.naukri.com/job-listings-sales-coordinator-data-analyst-tanla-solutions-ltd-mumbai-3-to-4-years-091023500811,18 Days Ago
Global Compliance Systems & Data Analyst,Eastman Chemical,5-8 Yrs,7-14 Lacs PA,"Kolkata, West Bengal",Data ManagementData AnalysisData ProcessingData EntryDataManagementAnalysisProcess,https://www.naukri.com/job-listings-global-compliance-systems-data-analyst-eastman-chemical-hyderabad-secunderabad-2-to-6-years-091023006787,18 Days Ago
Dy . Manager - Data Analyst,Sorigin Group,3-5 Yrs,Not disclosed,Mumbai,Data Analystdataengineeringdata analysis,https://www.naukri.com/job-listings-dy-manager-data-analyst-sorigin-group-pune-china-united-states-usa-5-to-8-years-090923500814,30+ Days Ago
Junior Data Analyst,IntouchCX,1-6 Yrs,3.5-5 Lacs PA,Mumbai (All Areas),Business administrationData analysistableauExcelAnalyticalMicrosoft applicationsinternational travelFinancial services,https://www.naukri.com/job-listings-junior-data-analyst-intouchcx-hyderabad-secunderabad-2-to-4-years-041023009978,23 Days Ago
Data Executive/ Data Analyst with MNC,Persolkelly India,1-2 Yrs,3-3.75 Lacs PA,Hospet/Hosapete,CssFront EndWork From HomeJavascriptHtmlJqueryAsp . NetPart Time,https://www.naukri.com/job-listings-data-executive-data-analyst-with-mnc-persolkelly-india-mumbai-all-areas-1-to-3-years-041023005347,24 Days Ago
Power Bi/ SQL Tableau Developer/Data analyst,Busisol Sourcing (India),4-7 Yrs,Not disclosed,Nagpur,Clinical Data Analystclinical datadatadata analysisclinical,https://www.naukri.com/job-listings-power-bi-sql-tableau-developer-data-analyst-busisol-sourcing-india-pvt-ltd-hospet-hosapete-6-to-8-years-030821500053,30+ Days Ago
Engineer/Data Analyst,Mycitynagpur,1-3 Yrs,Not disclosed,Noida,ExcelData AnalystCostDataFinanceData analysis,https://www.naukri.com/job-listings-engineer-data-analyst-mycitynagpur-nagpur-5-to-8-years-311219500397,30+ Days Ago
Data Analyst / Sr . Data Analyst,Symmetrical Global Search Pvt Ltd,3-5 Yrs,Not disclosed,Remote,Medical devicesData analysisData researchAnalyticalClinical trialsData Research AnalystLife sciencesResearch,https://www.naukri.com/job-listings-data-analyst-sr-data-analyst-symmetrical-global-search-pvt-ltd-noida-2-to-4-years-301020501262,30+ Days Ago
"Data Analyst, Pan India",Gyantu,1-4 Yrs,Not disclosed,Remote,SANHead Business DevelopmentSOCSMSData qualityFMCGMS OfficeTeam building,https://www.naukri.com/job-listings-data-analyst-pan-india-gyantu-remote-3-to-5-years-300322501521,30+ Days Ago
IT - Data Analyst,20four7va Career Center,5-10 Yrs,Not disclosed,Ahmedabad,Computer scienceSQL queriesData analysisData modelingBfsiRelationshipData AnalystTroubleshooting,https://www.naukri.com/job-listings-it-data-analyst-20four7va-career-center-remote-1-to-2-years-300123500134,30+ Days Ago
Air Quality Data Analyst,Post A Resume,1-3 Yrs,Not disclosed,Hyderabad/Secunderabad,Clinical operationsGCPPharmaClinical trialsClinical researchHealthcareLife sciencesPharmacovigilance,https://www.naukri.com/job-listings-air-quality-data-analyst-post-a-resume-hr-consultancy-ahmedabad-2-to-3-years-290323502564,30+ Days Ago
"Data Analyst, Python and SQL",Fusion Plus Solutions Inc,3-8 Yrs,Not disclosed,Hyderabad/Secunderabad,MicrostrategyAutomationERPSiebelCMSMVCOracleData mining,https://www.naukri.com/job-listings-data-analyst-python-and-sql-fusion-plus-solutions-inc-hyderabad-secunderabad-2-to-5-years-280223501044,30+ Days Ago
Data Analyst,Tentacle Solutions,5-8 Yrs,Not disclosed,Nagpur,Computer scienceMS Office suiteoperational supportSAPData managementDisaster recoveryData AnalystScheduling,https://www.naukri.com/job-listings-data-analyst-tentacle-solutions-remote-8-to-13-years-270921501630,30+ Days Ago
Clinical Data Analyst,Clinaarc Clinical Datamanagement,2-5 Yrs,Not disclosed,sachin,MIS reportingAccountingData Analystdatadata analysisreportingmis,https://www.naukri.com/job-listings-clinical-data-analyst-clinaarc-clinical-datamanagement-private-limited-nagpur-1-to-6-years-270320500722,30+ Days Ago
Finance / Cost / Data Analyst,mycityband,1-4 Yrs,Not disclosed,Hyderabad/Secunderabad,Manager Quality AssuranceAnalyticalAgileTest scenariosHealthcareLife sciencesData qualityScrum,https://www.naukri.com/job-listings-finance-cost-data-analyst-mycityband-sachin-1-to-2-years-270220501587,30+ Days Ago
Process Developer Data Analyst,Marktine,1-2 Yrs,Not disclosed,Pune,MS SQLExcelLinuxOracle SQLDatabaseData AnalystAnalyst 1SQL scripting,https://www.naukri.com/job-listings-process-developer-data-analyst-marktine-remote-1-to-3-years-260522500376,30+ Days Ago
Data Analyst,Hexonica,1-3 Yrs,Not disclosed,Mysore/Mysuru,Lead generationData analysisPDFManager TechnologyData qualitySales processResearchData mining,https://www.naukri.com/job-listings-data-analyst-hexonica-pune-3-to-5-years-260220501850,30+ Days Ago
Clinical Data Analyst,Sitero,1-3 Yrs,Not disclosed,New Delhi,Supply chainData analysisData managementBloombergAnalyticalWorkflowData AnalystCustomer support,https://www.naukri.com/job-listings-clinical-data-analyst-sitero-mysore-mysuru-1-to-4-years-250323500889,30+ Days Ago
MIS executive - Data Analyst,Nippon Data Systems,1-4 Yrs,Not disclosed,Bhopal,BiotechnologyData analysisBusiness AssociateContent writingHRData AnalystManagementData,https://www.naukri.com/job-listings-mis-executive-data-analyst-nippon-data-systems-ltd-new-delhi-5-to-10-years-250222500865,30+ Days Ago
Data Analyst,Ipseity Group,2-7 Yrs,Not disclosed,Mumbai,Data AnalystHRData analysisDataHrsd,https://www.naukri.com/job-listings-data-analyst-ipseity-group-bhopal-1-to-3-years-241220502240,30+ Days Ago
Senior Data Analyst Fielding Operations,Nailbiter,5-10 Yrs,Not disclosed,Pune,Data analysisResource allocationData collectionPredictive modelingData qualityData Analystdata visualizationForecasting,https://www.naukri.com/job-listings-senior-data-analyst-fielding-operations-nailbiter-mumbai-3-to-8-years-240123500537,30+ Days Ago
Sr. IT Data Analyst,Air Products,2-4 Yrs,Not disclosed,Pune,Data analysisAutomationData managementData modelingHadoopData qualitybig dataYARN,https://www.naukri.com/job-listings-sr-it-data-analyst-air-products-pune-5-to-6-years-230923500556,30+ Days Ago
Data Analyst - MIS Report,Diverse Lynx,2-3 Yrs,Not disclosed,Pune,AutomationNetworkingConfiguration managementAgileData structuresWorkflowSSISmicrosoft,https://www.naukri.com/job-listings-data-analyst-mis-report-diverse-lynx-pune-8-to-10-years-230320501446,30+ Days Ago
Marketing /CRM Data Analyst,Marrina Decisions,2-5 Yrs,Not disclosed,Kochi/Cochin,Data analysisData managementCustomer serviceSSISOperationsAnalyticsReporting toolsBusiness operations,https://www.naukri.com/job-listings-marketing-crm-data-analyst-marrina-decisions-remote-2-to-5-years-210823500004,30+ Days Ago
Data Analyst - 1,Doptit,2-6 Yrs,Not disclosed,Ahmedabad,IT servicesGoogle AnalyticsExcelCampaign managementSOCIncident managementdata integrityAdvertising,https://www.naukri.com/job-listings-data-analyst-1-doptit-private-limited-kochi-cochin-1-to-4-years-210722502258,30+ Days Ago
Data Analyst/Data Research Executive,World Web Technology Pvt. Ltd.,2-5 Yrs,Not disclosed,Mumbai,Computer scienceSQL queriesData analysisData modelingBfsiRelationshipData AnalystTroubleshooting,https://www.naukri.com/job-listings-data-analyst-data-research-executive-world-web-technology-pvt-ltd-ahmedabad-6-to-11-years-210223500186,30+ Days Ago
Events Data Analyst,Business Television India,4-6 Yrs,Not disclosed,Udaipur,ExcelStrong analytical skillsTechnicalDatabaseTechnical LeadCommerceSoftwareData Analyst,https://www.naukri.com/job-listings-events-data-analyst-bloomberg-utv-mumbai-1-to-2-years-210223500152,30+ Days Ago
Data analyst,Peer To Peer Hr Services,2-7 Yrs,Not disclosed,Udaipur,Career developmentProject analysisData analysisoperational supportManager Quality AssuranceDiversity and InclusionAgileMarket research,https://www.naukri.com/job-listings-data-analyst-peer-to-peer-hr-services-udaipur-1-to-3-years-210120500668,30+ Days Ago
Data Analyst,Peer To Peer Hr Services,1-6 Yrs,Not disclosed,Vadodara,Customer MasterMaster Data ManagementDataManagementData managementMaster dataData analysis,https://www.naukri.com/job-listings-data-analyst-peer-to-peer-hr-services-udaipur-1-to-3-years-210120500663,30+ Days Ago
Senior Executive Data Analyst,Ascendion Engineering,1-3 Yrs,Not disclosed,Hyderabad/Secunderabad,Master data managementE-sourcingData AnalystDataSpendData managementData analysisMaster data,https://www.naukri.com/job-listings-senior-executive-data-analyst-ascendion-vadodara-baroda-1-to-4-years-190723501792,30+ Days Ago
Data Analyst,P S International HR Consultants,2-5 Yrs,Not disclosed,Ahmedabad,SQL queriesData managementBankingdata governanceData qualityAgile methodologyData AnalystJIRA,https://www.naukri.com/job-listings-data-analyst-p-s-international-hr-consultants-mumbai-5-to-10-years-160123501082,30+ Days Ago
Junior Data Analyst,Intouchcx,2-4 Yrs,Not disclosed,Hyderabad/Secunderabad,Product qualityWater treatmentO2CERPSAPMaster data managementAnalyticalMicrosoft applications,https://www.naukri.com/job-listings-junior-data-analyst-intouchcx-hyderabad-secunderabad-2-to-3-years-150623501598,30+ Days Ago
Data Analyst - Digital Ads,DAZN,1-4 Yrs,Not disclosed,Pune,sourcesanalysingstatistical toolsspssadobee commercegood analytical skillsexperience,https://www.naukri.com/job-listings-data-analyst-digital-ads-dazn-group-hyderabad-secunderabad-6-to-8-years-150223500859,30+ Days Ago
Data Analyst,Hexonica,3-8 Yrs,Not disclosed,Delhi,CostingPower BiAdvanced ExcelTableauPowerappsAnalyticalData AnalysisAdvance Sql,https://www.naukri.com/job-listings-data-analyst-hexanika-pune-2-to-5-years-140820500045,30+ Days Ago
IT Vacancy in Delhi- Data Analyst,Right Step Consulting,2-3 Yrs,Not disclosed,"Noida, New Delhi",AutomationjQueryMySQLJavascriptPHPHealthcareStored proceduresSSIS,https://www.naukri.com/job-listings-it-vacancy-in-delhi-data-analyst-right-step-consulting-private-limited-delhi-2-to-6-years-140717500184,30+ Days Ago
Spend and Master Data Analyst,Pcura,2-6 Yrs,Not disclosed,Ahmedabad,AutomationData analysisData managementNetworkingData modelingData qualitybig dataYARN,https://www.naukri.com/job-listings-spend-and-master-data-analyst-pcura-consulting-pvt-ltd-mumbai-2-to-7-years-140219500368,30+ Days Ago
Data Analyst,Mantras2Success Consultants,2-7 Yrs,Not disclosed,Pune,Environmental management systemHealth insuranceSystem testingSAPConsultingData collectionGlobal StrategyWellness,https://www.naukri.com/job-listings-data-analyst-mantras2success-consultants-ahmedabad-1-to-6-years-130423502363,30+ Days Ago
Data Analyst,Eteam,3-5 Yrs,Not disclosed,Chennai,Market analysisAutomationExcelSimulationAnalyticalConsultingDatabaseProgramming,https://www.naukri.com/job-listings-data-analyst-eteam-inc-pune-1-to-3-years-120822500215,30+ Days Ago
Big Data Analyst,Fusion Analytics World,5-10 Yrs,Not disclosed,Chennai,Revenue AnalysisQuick BooksGeneral Ledger AccountingStatistical ModelingAdvanced Ms ExcelRecord To ReportRevenue ReportingAdvanced Excel,https://www.naukri.com/job-listings-big-data-analyst-fusion-analytics-world-chennai-2-to-5-years-120819502527,30+ Days Ago
Data Analyst Associate,Zobello,2-5 Yrs,Not disclosed,"Sriperumbudur, Tamil Nadu, Chennai, Tamil Nadu",PIIData QualityData ManagementData GovernanceData Governance AnalystPHIQualityData,https://www.naukri.com/job-listings-data-analyst-associate-zobello-delhi-delhi-1-to-6-years-120715500181,30+ Days Ago
Costing/Lean Engineering(Data Analyst),Sivapriya Exim,3-5 Yrs,3-4.5 Lacs PA,Gandhinagar,SANData analysisPDFSOCSMSData AnalystMedical insuranceStored procedures,https://www.naukri.com/job-listings-costing-lean-engineering-data-analyst-sivapriya-exim-private-limited-sriperumbudur-tamil-nadu-chennai-tamil-nadu-2-to-4-years-111023004694,17 Days Ago
Data Analyst ( SQL ),Post A Resume,4-8 Yrs,Not disclosed,Mohali,assembly languagewebsiteCHTMLajaxjavascriptjquerySQL,https://www.naukri.com/job-listings-data-analyst-sql-post-a-resume-hr-consultancy-gandhinagar-1-to-4-years-110123501480,30+ Days Ago
MIS & Data Analysts,Innovative Incentives & Rewards,1-2 Yrs,Not disclosed,Ahmedabad,Data analysisPostgresqlInternet researchMySQLData qualityData AnalystTroubleshootingMS Office,https://www.naukri.com/job-listings-mis-data-analysts-innovative-it-initiatives-mohali-3-to-8-years-110121501272,30+ Days Ago
Quality Data Analyst,POST A RESUME HR Consultancy,5-7 Yrs,Not disclosed,Hyderabad/Secunderabad,Google SheetsGoogle Apps ScriptData StudioJavascriptGoogle Data StudioSpreadsheetsGoogle FormsFormulas,https://www.naukri.com/job-listings-quality-data-analyst-post-a-resume-hr-consultancy-ahmedabad-2-to-3-years-100423501897,30+ Days Ago
Data Analyst,L.E.K. Consulting,4-7 Yrs,Not disclosed,Pune,Computer scienceMS SQLData analysisDatabase managementpower biData qualityMongoDBdata integrity,https://www.naukri.com/job-listings-data-analyst-l-e-k-consulting-new-delhi-3-to-8-years-080423501317,30+ Days Ago
Senior Accounts Executive/Data Analyst/Data Engineer,Bright Vision Private Limited,4-6 Yrs,3-7.5 Lacs PA,Mumbai,Troubleshooting SkillsClient CommunicationRaveCdmClinical TrialsProduction SupportProductionCommunication skills,https://www.naukri.com/job-listings-senior-accounts-executive-data-analyst-data-engineer-bright-vision-private-limited-kolkata-west-bengal-2-to-7-years-071023007579,20 Days Ago
Fraud Data Analyst,Anaptyss,3-5 Yrs,Not disclosed,Mumbai,ExcelInternet researchData collectionData AnalystManagementMS OfficePowerpointData Entry Operator,https://www.naukri.com/job-listings-fraud-data-analyst-anaptyss-noida-4-to-5-years-060423501830,30+ Days Ago
Spend and Master Data Analyst,Pcura Consulting Pvt. Ltd,1-3 Yrs,Not disclosed,Hyderabad/Secunderabad,Data migrationData Quality AnalystAnalyst 3data profilingDataProfilingQualityData analysis,https://www.naukri.com/job-listings-spend-and-master-data-analyst-pcura-consulting-pvt-ltd-mumbai-2-to-5-years-060117500062,30+ Days Ago
Sr. Data Analyst & MIS,PRM Real Estate Pvt. Ltd.,2-4 Yrs,Not disclosed,"New Delhi, Delhi",SANFrenchEnvironmental scienceConsultingManager TechnologyGIS softwareData AnalystMS Office,https://www.naukri.com/job-listings-sr-data-analyst-mis-prm-real-estate-pvt-ltd-siliguri-west-bengal-4-to-8-years-051023005940,23 Days Ago
Data Analyst Associate,Zobello,5-10 Yrs,Not disclosed,Mumbai,developmentcdomsoftwaresponsorshippayData AnalystManagement,https://www.naukri.com/job-listings-data-analyst-associate-zobello-delhi-delhi-1-to-2-years-050815500195,30+ Days Ago
Data Analyst,Acme Services,3-5 Yrs,Not disclosed,Noida,Visual BasicGoogle AnalyticsExceljQueryManagement systemsMarketing campaignsJavascriptHTML,https://www.naukri.com/job-listings-data-analyst-acme-services-mumbai-5-to-7-years-050423500310,30+ Days Ago
Clinical Data Analyst,Paradigmit Technology Services,5-7 Yrs,5-12 Lacs PA,Remote,BloombergEmail marketingMISSocial mediaInternet researchHealthcareMarket researchOutsourcing,https://www.naukri.com/job-listings-clinical-data-analyst-paradigmit-technology-services-hyderabad-secunderabad-telangana-4-to-7-years-041023010965,23 Days Ago
Investment Data Analyst - Urgent Opening,Landytech Ltd,1-2 Yrs,Not disclosed,"Kochi/Cochin, Ernakulam",Market analysisChange managementBloombergFixed incomeSwapsData Quality AnalystOperationsMonitoring,https://www.naukri.com/job-listings-investment-data-analyst-urgent-opening-landytech-ltd-pune-2-to-4-years-041023008544,23 Days Ago
Data Analyst,Walbrosoft,5-8 Yrs,Not disclosed,Chennai,Financial statementsExcelBloombergHP data protectorSenior AnalystLegalWorkflowCustomer support,https://www.naukri.com/job-listings-data-analyst-walbrosoft-nagpur-2-to-7-years-040319502010,30+ Days Ago
GIS Data Analyst,Carifer Technologies,6-8 Yrs,Not disclosed,Surat,ProcurementPower BIData managementMicrosoft Power BITableauMicrosoft AccessData validationMicrosoft SharePoint,https://www.naukri.com/job-listings-gis-data-analyst-carifer-technologies-private-limited-erode-1-to-3-years-030523501520,30+ Days Ago
Data Analyst,Pleasant Inc.,6-11 Yrs,Not disclosed,Chennai,DepreciationProcess improvementMarket intelligenceOperationsLogisticsCost reductionIndirect Materialssourcing,https://www.naukri.com/job-listings-data-analyst-pleasant-inc-surat-2-to-5-years-030118501312,30+ Days Ago
Executive - Data Analyst,xerago,2-7 Yrs,Not disclosed,Gurgaon/Gurugram,BIdata analysisBI AnalystBI AnalysisDataRetailMobilityAnalysis,https://www.naukri.com/job-listings-executive-data-analyst-xerago-chennai-2-to-4-years-010323500223,30+ Days Ago
Presales Data Analyst,Dilytics,5-6 Yrs,Not disclosed,Hyderabad/Secunderabad,Senior Data Analystdatasenior,https://www.naukri.com/job-listings-presales-data-analyst-dilytics-technologies-private-limited-hyderabad-secunderabad-3-to-10-years-110423501691,30+ Days Ago
Assistant Manager-Data Analyst,Guidehouse,7-10 Yrs,Not disclosed,Jaipur,Operations managementSupply chain managementUsageSales operationsData managementSenior Data AnalystSales forecastingManagement,https://www.naukri.com/job-listings-assistant-manager-data-analyst-guidehouse-chennai-trivandrum-thiruvananthapuram-2-to-5-years-270723502177,30+ Days Ago
Senior Data Analyst,Sea And Beyond,1-4 Yrs,Not disclosed,Gurgaon/Gurugram,Bi TestingBig Data TestingHadoop TestingData WarehousingDWH TestingQA TestingQA AnalysisTest Lead,https://www.naukri.com/job-listings-senior-data-analyst-sea-and-beyond-remote-4-to-5-years-280323501228,30+ Days Ago
Senior data analyst,Fashion Tv India,12-15 Yrs,Not disclosed,Remote,Product AnalystDesign engineeringData analysisWeb technologiesBusiness analyticsAnalyticalReporting toolsSQL,https://www.naukri.com/job-listings-senior-data-analyst-fashion-tv-india-mumbai-5-to-6-years-070823500431,30+ Days Ago
Marketing Data Analyst-Immediate Joiners,Sigmond Morgan It Solutions,12-14 Yrs,Not disclosed,"Hyderabad/ Secunderabad, Telangana",Product AnalystSANData analysisUsageInvestment researchSiliconAnalyticsSQL,https://www.naukri.com/job-listings-marketing-data-analyst-immediate-joiners-sigmond-morgan-it-solutions-kolkata-2-to-4-years-270923008135,30 Days Ago
Content Data Analyst,Shell Infotech,4-9 Yrs,Not disclosed,"Jaipur, Rajasthan",data scienceProcess documentationAnalyticalConsultingMachine learningLeadSiliconIndividual Contributor,https://www.naukri.com/job-listings-content-data-analyst-shell-infotech-hyderabad-secunderabad-3-to-8-years-101023009707,17 Days Ago
Data Analyst,Surekha Soni,2-6 Yrs,3-4.75 Lacs PA,"Kolkata, West Bengal(Camac Street)",SQLData ScienceAzureGCPHadoopAIAWSPython,https://www.naukri.com/job-listings-data-analyst-surekha-soni-jaipur-rajasthan-1-to-6-years-091023007388,18 Days Ago
Data Analyst Manager,Murugappa Group,7-10 Yrs,3-8 Lacs PA,Remote,pythondata managementdata analysisdata analyticsadobe analyticsworkflowdata miningmarket research,https://www.naukri.com/job-listings-data-analyst-manager-murugappa-group-kolkata-west-bengal-5-to-10-years-091023005207,18 Days Ago
Marketing Data Analyst,Sigmond Morgan It Solutions,4-5 Yrs,Not disclosed,Mumbai,PenetrationData modelingAnalyticalData analyticsBusiness strategyNew product developmentDigital marketingAnalytics,https://www.naukri.com/job-listings-marketing-data-analyst-sigmond-morgan-it-solutions-kolkata-4-to-9-years-071023006875,20 Days Ago
Junior Data Analyst,Institutional Shareholder Services,2-8 Yrs,Not disclosed,"Kochi/ Cochin, Kerala, Kanyakumari, Tamil Nadu, Trivandrum/ Thiruvananthapuram, Kerala",Data analysisPrototypeAnalyticalMachine learningh1bHealthcareData qualityAnalytics,https://www.naukri.com/job-listings-junior-data-analyst-institutional-shareholder-services-inc-mumbai-1-to-3-years-120923500087,30+ Days Ago
Data Analyst_Hyderabad,Arise Global Services Private Limited,4-8 Yrs,8-12 Lacs PA,Mumbai,devopsAgileData analyticsHRSQLPythonDataAnalytics,https://www.naukri.com/job-listings-data-analyst-hyderabad-arise-global-services-private-limited-hyderabad-secunderabad-3-to-5-years-071118600051,30+ Days Ago
Senior Business Analyst/Data Analyst/Data Engineer,Ricefw Technologies Inc,0-1 Yrs,Not disclosed,Gurgaon/Gurugram,Analytical skillsData analysisCFA Level 2Ratio analysisFinancial reportingFinancial statement analysismarket dataBusiness valuation,https://www.naukri.com/job-listings-senior-business-analyst-data-analyst-data-engineer-ricefw-technologies-inc-hyderabad-secunderabad-6-to-11-years-071023005847,20 Days Ago
Market Research Data Analyst,Robas Research,2-4 Yrs,Not disclosed,Hyderabad/Secunderabad(Madhapur),Business processData analysisDue diligenceAnti money launderingFinancial servicesAnalytical skillsrisk complianceBusiness Process Operations,https://www.naukri.com/job-listings-market-research-data-analyst-robas-research-bangalore-bengaluru-2-to-5-years-310320500154,30+ Days Ago
Team Leader - Financial Data Analyst,Kriya NextWealth Pvt Ltd,2-4 Yrs,3-7 Lacs PA,Remote,Data analysisMinitabISOService industryISO 27001CMMIVBMacros,https://www.naukri.com/job-listings-team-leader-financial-data-analyst-kriya-nextwealth-pvt-ltd-mysore-mysuru-karnataka-3-to-8-years-271023008425,1 Day Ago
Data Analyst with SQL and Python,Vibertech Solutions,8-11 Yrs,10-12 Lacs PA,Pune,Business processData analysisFinancial servicesAnalytical skillsDue diligenceComplianceAnti money launderingCurrency,https://www.naukri.com/job-listings-data-analyst-with-sql-and-python-vibertech-solutions-hyderabad-secunderabad-6-to-8-years-261023003463,2 Days Ago
Power BI Developer/Azure Data Analyst,Synergysparq Technologies,5-10 Yrs,16-30 Lacs PA,Vadodara,risk compliancescreeningdue diligenceComplianceanti money launderingamldata analysistechnology operations,https://www.naukri.com/job-listings-power-bi-developer-azure-data-analyst-synergysparq-technologies-hyderabad-secunderabad-8-to-13-years-090823009884,2 Days Ago
DevOps/Big Data Analyst,Deutsche Bank,15-17 Yrs,Not disclosed,Pune,Data analysisBloombergBusiness analysisXMLFixed incomeFunctional AnalystAsset managementPortfolio management,https://www.naukri.com/job-listings-lead-business-analyst-technology-speciallist-deutsche-bank-pune-15-to-17-years-170723500718,30+ Days Ago
Market Data Analyst,Hoffmann-La Roche,2-4 Yrs,Not disclosed,"Hyderabad/Secunderabad, Chennai",MiningData analysisClaimsData modelingProject managementHealthcareForecastingAnalytics,https://www.naukri.com/job-listings-sr-business-analyst-hoffmann-la-roche-hyderabad-secunderabad-chennai-2-to-4-years-160823500715,30+ Days Ago
Requirement For Data Analyst @Delhi,Paytm,1-2 Yrs,Not disclosed,Noida,Data analysisChange managementBusiness AnalystProcess improvementData collectionHRForecastingAnalytics,https://www.naukri.com/job-listings-business-analyst-hr-paytm-noida-1-to-2-years-030823501719,30+ Days Ago
Big Data Analyst,PwC,1-6 Yrs,Not disclosed,Remote,business intelligence reportingCareer developmentPeople developmentAnalyticalProduct designGamingAnalyticsProduct marketing,https://www.naukri.com/job-listings-iet-gw-business-analyst-associate-pricewaterhouse-coopers-private-limited-hyderabad-secunderabad-bangalore-bengaluru-1-to-3-years-181023500764,9 Days Ago
Senior Data Analyst: Fielding Operations,Cargill,3-4 Yrs,Not disclosed,Gurgaon/Gurugram,Computer scienceTrainingHP data protectorISOComplianceProcess AnalystProject managementData processing,https://www.naukri.com/job-listings-sr-business-analyst-cargill-india-pvt-ltd-bangalore-bengaluru-4-to-6-years-171023500447,10 Days Ago
"Data Analyst II, Technical Support - Customer Master Data",Blue Yonder,7-12 Yrs,Not disclosed,Hybrid - Gurgaon/Gurugram,AnalystE-commerceAdvanced ExcelPhotoshopData entrydatamagentoanalysis,https://www.naukri.com/job-listings-business-consultant-financial-quantitative-analysis-sales-support-jda-software-hyderabad-secunderabad-2-to-6-years-101023502200,17 Days Ago
"Data Analyst II, Technical Support - Customer Master Data, APAC",Espire Infolabs,4-6 Yrs,Not disclosed,Gurgaon/Gurugram,Manager Quality AssuranceOperational excellenceData managementMISProblem managementSchedulingTroubleshootingContinuous improvement,https://www.naukri.com/job-listings-business-analyst-erp-oracle-financial-erp-espire-infolabs-gurgaon-gurugram-7-to-12-years-010923007973,24 Days Ago
Lead Data Analyst,Decimal Point Analytics,10-15 Yrs,Not disclosed,Gurgaon/Gurugram,Manager Quality AssuranceOperational excellenceData managementMISProblem managementSchedulingTroubleshootingContinuous improvement,https://www.naukri.com/job-listings-senior-business-analyst-decision-point-analytics-gurgaon-gurugram-2-to-4-years-270821501723,30+ Days Ago
Customer Data Analyst,Tenon Group,1-5 Yrs,Not disclosed,"Hybrid - Hyderabad/Secunderabad, Bangalore/Bengaluru",Business objectsTest scriptsTest strategyTest executionFinacleData qualityTest casesDms,https://www.naukri.com/job-listings-business-analyst-to-cso-tenon-group-gurgaon-gurugram-6-to-10-years-161222501459,30+ Days Ago
Data Analyst with strong SQL,Zynga,3-5 Yrs,Not disclosed,Ahmedabad,SEO AnalystPhotoshopData miningWeb researchdataseoresearchseo analysis,https://www.naukri.com/job-listings-senior-manager-game-analytics-zynga-inc-bangalore-bengaluru-10-to-12-years-050523500884,30+ Days Ago
Data Analyst,Peroptyx,0-5 Yrs,22.5-25 Lacs PA,Remote,data analysisData EntryData ReportingDataReportingAnalysis,https://www.naukri.com/job-listings-data-analyst-peroptyx-india-0-to-5-years-260723009111,9 Days Ago
Data Analyst,Peroptyx,0-0 Yrs,Not disclosed,Remote,Data AnalData EntryInformation TechnologyTechnologyData analysisData,https://www.naukri.com/job-listings-data-analyst-peroptyx-delhi-ncr-0-to-0-years-201023009956,7 Days Ago
Data Analyst,Care365 Sol,2-7 Yrs,13-20 Lacs PA,Delhi / NCR,Computer scienceBusiness analysisEnterprise applicationsAgileData structuresApplication developmentScrumTest cases,https://www.naukri.com/job-listings-data-analyst-care365-sol-hyderabad-secunderabad-telangana-3-to-5-years-271023010886,1 Day Ago
